address,ens
0x55fc226aaf3fd18f9465aa85e461bbcdb59531db,
0x935748f06c56c2b21ec0ede7079250c4b976e8bd,
0xdbc17effd02e3e11a1c0e2011e741e678144cf25,
0x6c6f7a1429d2fc868b9084eeb38ec8d44a2ba2d1,
0x4c2d547796de066f8466bd57e844afe35649397b,isracts.eth
0xb07facb8fd3f0301ed145dab2ef25e7434623637,
0xf5b30a432b92eb70be8c5562cd7ca1078f17c872,
0x730e4e3a3a7b71b141da1c128d9fc2e7e0bbb265,kaysve.eth
0xb951a5b2b339fd42c91b8e1d1afe12d84b6ecb5e,
0xc8fdc8a164fe0c0c28994d6bf6d5b8ea7e7e03df,
0x1b21dcd95214f1407bffe799ce6e98be4e8fc8b8,web3stacy.eth
0xe7c33089646c5b32a3b63a9046a8b4f60128aab4,
0xe82e5e810985d777a9bf9ca6ecbc6fb9c0804db3,fraxx.eth
0xa998a5963a848fd91ecf193e2732b1c7d4f217b9,
0x1358155a15930f89ebc787a34eb4ccfd9720bc62,limone.eth
0xa9bc8a58b39935ba3d8d1ce4b0d3383153f184e1,orbulo.eth
0x2d9ffbec3564d51d7aead1297278b748be5836cf,
0x270e2ce502857308a098c3245184e12de2256ea1,
0x76bcf977276c762aa924be6ee6533f9fd240b141,
0xfb5cd7cb3c2ed514a98b51f103f94ba4beedf6e6,
0xfac297233751565699fbe50703fc52effc3e4062,
0x823143f2345de2e23ca723a9a67c9342afc66ad8,
0x724e4c82956c86fb35b085312ae1a2d66ce4a715,
0x29893dad88b5200be9f3152c53d3e86a2cfc877a,
0x3179a7d8db8f084b3322244a4b6e6df7a8640d3e,
0x837bb8f09229a85266c0a34567896e0c5a7e7c3c,
0xea04aebf110b47c7d89d4a89310e45907b3e8199,
0x1183f374d434f118b284fdb598c9c14139addbf7,inance.eth
0x1e923007687cfd53a5e3314b76e30afaedb03cf0,
0xf1c0d81e70861ad3b143aa35e5fbfd4e8b787133,
0xbb2b2113274f70a949fa8a1bbd4e31861cd540f5,
0x4ebee6ba2771c19adf9af348985bcf06d3270d42,m0nt0y4.eth
0xd74e63d3545a6c045a70d68c4a8d6560df71827c,bignothing.eth
0xc22cb3d42fabe131251be02d386d8fc4041b4e19,
0x67bcbe602e870e2286c19e4e0044e583967c9665,
0x0ea9f68f0ef44504a3e508586a90a58b83e606c8,ghostlyblue.eth
0x391b3dd314563bd3642048efd5a4854c547ca138,yegor-vv.eth
0xe0b325ec64961dd51a4d3e6d30e90474bbc9f5ea,
0xa7b2ac4b802b62012bfb13439b4119467419d05e,
0xc354be3a1bb1049296549925cdd7cf5e54b2e2c7,jcqln.eth
0x3da5f3d3c1a41c32331d77847b493e427cb075b8,
0xaa3600788b72863ff51c8f0db5f10bb65fbfeab4,lanadingwall.eth
0x7a6e9c3d69f731b6c0653ca308d35785114a2caa,
0x25303beb87fb1054748676a176c2efe3df052f91,
0xb858eceda5fa1243ad1ed510beb1dfb26e3de987,
0xab8a7848e9c6e22e52b5e3edf8e2b779727b17ad,naraku.eth
0xbdf6e36e8f3217e29c6a86ee1a04eae8b7036ea6,alexshore.eth
0x2275e8ac1b2e5b89e1c5c9fa8b65077fc71ebfa6,
0x0d64c32ef040e6c6861ba2631a0539a16cab15a4,gnogiq.eth
0xb2994c244631d50a8ec7e248bd11a85561f5d162,
0xdccad69201581284f8fc3bf7da381e5a13f1d4c0,
0xa700f64446483e34b7fd07bb27986be0b6a1ca99,azf.eth
0x11fd8f7b4e8acf54be24ee85517b90f8755e7a96,urbanite.eth
0x73f35522ecedd8c0c26707b7601eea19fbaeaf09,ncdrew.eth
0xb55498f34964ed0c6baf4dded4f7ee1e80ebb9e4,
0x0b5f5a722ac5e8ecedf4da39a656fe5f1e76b34c,jonathanprozzi.eth
0x3e2178cf851a0e5cbf84c0ff53f820ad7ead703b,vitalsine.eth
0xa33b24f0f74cdade05ab5b994898fb0438c88afa,jojikun.eth
0xdfe435e074e9830036aea0ea5c4fc506b7a11d5f,rrraul.eth
0xa7860e99e3ce0752d1ac53b974e309fff80277c6,limes.eth
0x8a06b6cb78d1d4ba4daf5c1fdefe6f4e11282216,
0x1e9b74bdec4386f5c541a5d7dde860257a8cb06a,
0x2889e6a8b746f74563e834d8287b84b61adfb5b8,
0x278f018731e51719613359bd2f41963bf132adca,
0xcc92435be94cf6ab542fe93a230a6b507c6623b5,
0xca989f73ab3699052730b8e84549e28c043cbda8,
0x961aa96febee5465149a0787b03bfa14d8e9033f,shazow.eth
0x007cc8ad224a92b827bfc477a20ef9dc37732894,
0x3b502b054715a8e0d8f657169615a88b2ccdd429,
0x7948780975b6e2c544f3d92447939cc4780375b4,
0x0b95eaf38e00ab26cb4ba6284726888cf2e5a0e1,
0xdd186c4cf1848b0549f0e4d2ec463c05799cd61f,fahimahmed.eth
0xc1ab27c8ff8f79c5388bca59b80d5f61c77a5bc1,
0x0a867569d5914041722c0e53ddf5dc550dc1e51a,
0x98aae86af97de63742683a4a07e43c904286494d,
0x3222b38f06316d987001f5d871035fa3acdb5fd5,
0xaa7fc44b45a13153882c4f3bf2530141537c4a52,
0x54d6d6a53f063de62762af70d194c0c8ca886caa,
0x1963a6cc8deb426ae196a95d9e91ac3dfffc67cb,
0x235abc1a5a91e820e1a3beaa06371cedcc8d0d9a,
0x30a8c7eec898df1858071029965cc67f8aceea4b,sujithsomraaj.eth
0x3112911479ea9d410b54a7c52f59651f3ac6d11a,sg1.eth
0x2aacccc2c6eb6678fe8b6f1e90209e638bcc8767,persianpariah.eth
0xd8c84eac995150662cc052e6ac76ec184fcf1122,jgr33nwood.eth
0xbf8f10cbb4da788d588634acece13f99e2a9d45a,84percent.eth
0x66aa5a2c7de67bf40de6f29b7e14bda793d2dcbd,
0x0ddb88933b781f6ed55711eb5f7f8320a65fc50f,
0x996fd389df912caa2faec2e6e861038e0ad11a83,kiamehr.eth
0x1b12e0278eb3195a6acfe332f6c3e0d08d1024a8,
0xde298221ebb4ee0a029b1ed62dbc1d2ea07e2e98,
0xe031013a7a9f582b2b98f2685fb1ffce8ec4b68e,
0xfd37f4625ca5816157d55a5b3f7dd8dd5f8a0c2f,maggo.eth
0x5a33b0964260c9c5718d70ced279bd7a124aba25,
0xa7c19c3f7e5ea75dc8b0b8493daaf8b50307f49f,
0x290ca510021d18699b268f133813f6262a650d94,anatolii.eth
0xdcfa4f7cd458ca43536cf0d7cba69c2ca69ea01a,
0xac764c621585ee09b9a0833df4091733c7244b5c,
0x3e909fa113dc18943031741e391f9192d8e8fc03,
0xf6b6f07862a02c85628b3a9688beae07fea9c863,poap.eth
0x263b6bb78f0fb37d1536e1a34ba100dc19fa9607,penryn.eth
0x70d73ac8fb1aff11eb0275f27bed0efef11f413c,
0xb545e8e5532681d3414ca37e8c8edcc9af06a56d,
0xba91b13e4f12fcccc37785108e78b4f82dbaf9f5,
0xc2628edddb676c4caf68aad55d2191f6c9668624,
0xf78b191118dbf7dbb43b36ec71dbc74b35f5f6a2,
0xa78e6454985f754f513c84743b9ec328cd713aa7,artemis-1.eth
0x3aec2276326cdc8e9a8a4351c338166e67105ac3,cristianvaldivia.eth
0xb405b3e6494cac9a88660362ee19c38e955e2c6e,natedev.eth
0xabe46a3a4fbd37e4e0ba92a61fecd5eaa58c80ea,gutybv.eth
0x14fc0be8e90ab768226cccf952506ce00bde5029,lucas-poapfr.eth
0x4124cf34f56fa151e05c91ace550ada0dd5aabd7,isabel.eth
0x67fc2fd932c840431ff1e3e33e9266572f354f50,
0xcb42ac441fcade3935243ea118701f39aa004486,callum.eth
0x2632357245042c22e9172b3e78aff8306c1dba3b,hazardcookie.eth
0x67b21e92356b4fab606d04af31c585f9aebf0e47,=¼collector.eth
0xf7d48932f456e98d2ff824e38830e8f59de13f4a,
0xba9b86d84a5406762a7cc0ba5e936417976a19b7,youngkessef.eth
0x97341d987242f1868fac13e5b205fc10e283e70b,lkerner.eth
0x9c48f4c672cf9d293a641240c71756a146cfdd5e,hummusonrails.eth
0x4ece0dbeb4381d41079fcd96528bddd222f4c74f,
0x5e3367f1f6cd4f772439ca239568f16cb5fed858,howdai.eth
0x04181a9feec83a9692f2126333660e7a0cf13a73,rturner.eth
0xc4eb70980a1518a4599b59d62e4d9bb9c0764a84,
0x260d0082df9a553cda3ed91393e719f8d2a934cd,
0x471de43aff1175bda7f8b95017cb572da63bd2fd,
0xefa1f626670445271359940e1ac346ac374019e7,
0x31e3b12d1698bd39543de9e463ef28c0671799ec,2dao3.eth
0x552c3971650699d944a140e62f67eab02c0143a2,
0x6a8809bae69cfbdd83da0a3e9f48866da9443306,vaporyiw.eth
0x19c338b8d7b5ac2a5c2a6cf3973ac8c46bd2c730,vifi.eth
0xf4eb52cf9d31a3a909116ccfd0d1663d78dddee9,
0xa994e90a6d57e3cc4349ad43bed85d144f79bc8d,
0x62e724226009de1edb66b8b8be841781aeb256de,charles1.eth
0x0373f5e8df577b7c1a32cf2042d53349b8bd13fd,
0x27c7dd935e338bdaaaa5a317314e7dfd5743a190,
0xcc44a101893b11c625065db65615cd62bba34aa5,
0x0bebeb42109f6f5dbfef9bedf4cd133fec6888a1,sgtpooki.eth
0x0c04d9e9278ec5e4d424476d3ebec70cb5d648d1,
0x9906b6513ee1b6d10d4d5d32814be77f97597e7c,
0x8b2854b0d083bcba9c54f6cdf5aaee7f494bc6d6,margarethyde.eth
0x0a3a76403392e0932e0052220c4d3e31e4362dc9,
0x1bd1a28c9423f04b56d0256d2490c1242a0bc01a,
0xbb37fcf72d6624a56c4fec9015ced1dc13e7c4b0,
0x7f46b94aabab044a66d44ed3f85be3bebd4036c9,
0x9c6a120ecaff156fc034046033196de135698023,l~ter.eth
0x7e4cd22ddb73fff4ca0bd3055d674ff8ded9b1ab,abrahamwoodhull.eth
0xa1733bc95272fdfb3d14b93e93aab1290b3ab7fe,thisisandre.eth
0x82c5435b441188691b2b1d7f8085072e7e77fc93,
0xf8758b16a7e5f56a0c8ce91d2e3c7b0000286a43,
0xdb482b8cf63750ce2677489b76af39cc873f025b,
0x75102a2309cd305c7457a72397d0bcc000c4e047,vickvinegar.eth
0x2aeb0d72bcda72ea0d71c00e12a64d9467026556,
0x7a61c7c1a026e4f54ded9c3015179b18b63e78a9,
0x9da847cd29d0da97fbfaee0692d336857cf00cd3,dahveed.eth
0xfe7f84b9495c9bda60b4be0df74f4e662520b262,
0x1218ddc59fdff4f9d944c67aecb9d51f3a6df013,
0xa14a7bcee81891130ed31e51aeab3a2ea5bc0675,ivn.eth
0x936612be0b52e2e26c177e06bcf9705c08c8329d,
0x602ade90a6ac85ceeead7bbe44b7022349cf58d3,
0x1cccb306a2bfade9860a33689551b38ccc6eb66e,midhav.eth
0x3db5858fd4563bb40205efcc472a15424d05eb0c,0xyarden.eth
0x8dfdf0458d3b466a6865ad4f4b2094d65807a104,
0xb2d5c1923742114261826df0bf3e4d6079f5a524,
0x029101ee8cf0bdfd1efb680d8879b13667df8463,
0x6c8e3b98b28aaa2c409d1b25f78971a4d90165fe,glazec.eth
0x5956437dfbf0e504156933c8ce9a55a982519c29,
0x56f39cc0cd43a1ec7327547f045af1f3edf5ae64,
0x562b73c1f5622c80a4e23e56ab2bc49eeb7d498e,
0x1ce1abfc8db6c4e881df66882eaf5312d64090b2,
0x8c8766c1ac7308604c80387f1bf8128386b64de9,
0x1f83040c506d1d39670f406096ebfac717959e73,
0x3c6ae1aee2ae2d6f9cb79f1f9ebf466402ef1bb6,jwicker.eth
0x6365ca7eeac872310727dacebfd5c31fe9ebacea,zeus.eth
0x975043ae4c685b5b88232217623b07121cb0c27a,
0x0b2c2bad715b981d050872a7805013b0abe7b694,
0xc2a8ebf823a0622e4babb67b0a4083a2a236f00a,
0x87cc33ce6fed38617ea0d71ada41a166e19ac54d,hellovai.eth
0x0bc91ede1c95d1e5a11e86eeaa2a873070ee571c,jessegrushack.eth
0x322ebd2aa9df8f33cc2010af5375afcdde54397e,4ormund.eth
0x14b4043ce3166520c1443b646a5f2724985eae91,
0xdf9b0d723776972c5cae27fdb4f3ea827a5cf283,joebender.eth
0x5d4132b0344c592ae8d40dfb67f966401a6679c9,ayechan.eth
0x6a142046f1136b6d2f637b9f092758cacb7e0cff,
0x3000756e03448c5731c778578bb804ac564fe4d8,pranavgarg.eth
0x81a4a3ad36c33c5977d79cbeb322644b2aa08384,
0xc732406dd9ff8d4c736915141fef9eb573debb31,
0xa4d065b46d29922fcccb1bfcbab6a4271fe633ff,
0xbfa81a844245afbdb54f8ee1f09ef5a6e3db2993,zepedro.eth
0xfb48a0bde11fdc1677be4752368bd5586023550e,
0xe05886d9e6dbf24e03efe6f546b901fb95c74166,
0xdae005395074c3073328adff5a6bc9196b1ff977,corwintines.eth
0xfc4702ce7a6255c3fe8911465cdb2629bad9edb0,
0x1c6070dca02e02e9299499a2282888d687e8dc2f,
0xda37b39fa2213e48d3328df7e2d80bad94dbc282,delarg0.eth
0x1e27dace4a6fc84caad9be5e336f36c1195dafb8,
0x757fb752610344784a27efb5417afd3d7062ee3a,
0x9b409fbe65570d43a8afeae21f7612344425bc87,
0x02c435d8189d9a983cdbd77f2109fdd5663a33bb,shubzybaker.eth
0x1e17a75616cd74f5846b1b71622aa8e10ea26cc0,rektum.eth
0x85c653555ad87aa2e6a069bdd60ed2d1d9b9ddc9,
0xdce13b08381f9ff367425ce2787c75beb16c4163,
0xfaec431cb76e10b6c2c275ae4baad2f34ac46322,
0x9f33d9e23c8d2124d3b0b6b24f90bb546c8bd54b,
0x2bc76cf54122a9bbb0bdc3fb73775a5295a36a7a,gonzacolo.eth
0xa1d3b73813d1d8a9a9f5f4fadb436e5bb2e7ea5c,tjais.eth
0x4850d609d34389f5e3d8a61c41091f2f3de595c3,duluhiahs.eth
0x5ce351bf6d36c9b04d67b8c4b983a9043da8b98a,
0xf325319f14aab97ec74d4edfb181d4cdc5134740,scrypted.eth
0x6477dbd9d7cc54457be9f4ee8a9a8fe2edfbde35,defikris.eth
0xbc4a41ae559dae065b140059bc27e78ce6337ebc,mraugmented.eth
0xa727fda69189d4d91f5504675f3ada57b127c8ee,hodl3rx.eth
0xbabebe9fe973a5735d486bf6d31e9a027248024e,
0x68076cabb6081691ce92bd51d19cecbc669c20dc,
0xa9cef4e5794d39d6b46b9a8db537c6a65c40508d,
0x3b3ff611c5344420f7e31b608953825ee7b73b82,
0xa53b7e543d32e7db8a5adc92149e7547ae9cb65c,mapletree.eth
0x86713f3970b9ec63024dc6e5e5a8ef3fab30de23,
0xd0e29d645be1ea639dc3860710fdf91dbda419e4,
0x98b055b87ce7fce2f71e6805f0827da1fb3d0f34,skylordafk.eth
0x7112880053aa2ed455d050e49bd4873bb17fb8eb,mrcashflow.eth
0x0c11fb87da608cf36f33e7b0f5d863115a584ab8,
0x0bb5e2eab6cb24c40392783847e23e760b8b986b,jupiterblock.eth
0x53e06bc69b92570059b93609c1791a0ecade2354,
0xef4ebec817f232d73cf944fc5b2c471bab4fd697,learnedchaos.eth
0x394cdb7eb631bbc3484b662bcf0df51f86f5d79e,
0x91ef62541f0ab697b8710b9f5eba4e5c721c1664,
0x5bab42efcd908fbe7eeca1b6add2a6f153678665,
0xb6d6e6b091eda1ddcbd8b0d4cb16221ce7a8ec1d,
0x166fa934dafc94060c3dc37403b98dbb0521591c,lizmathew.eth
0x894cf868881a0781c20105b076adc644cb252203,
0x37a94f54ed64d5cbf1933c3b01078836d6153c34,nich0le.eth
0xe72b980306454825f825128ef15f063574d60b77,
0x8ef20e844343a47646cf8ea26aa9ce129d56d7fa,
0x05a1ff0a32bc24265bcb39499d0c5d9a6cb2011c,willywonka.eth
0xe40bdeec3b4200ff27cf3e3b897f4beb38b76ed5,
0x4c771b5756c9b7dffcb829ca482cb6cbe4f15baf,
0x7881db5b907fb8d0d727ae9733a47294997573fa,
0x84a97d50160690b35ee5378cd66672214cade642,
0x523deae40182780f8bd3debc73966cf253d581f9,misterreynolds.eth
0xf70bdd10a3194faae32b4bfc5bf22c0bb8d477ea,r3belheart.eth
0xdb5ee20362925ad80331db23e74d309dbad50741,
0x0f11796c594c7bdacf600bbd46f10d2aed2a37b5,
0x56dcdee401ebfbeb0875bdb888ede5bb7c8e443d,
0x553a96c13b67d500182bb6ab46d53a2edfb22706,
0xe27f66e47081dc36dc418ca1b58b78c4ccd5bae0,lazypuma.eth
0xc94c5473073878fafd500affb5495adb2230eeea,
0x190d54a17bf464b69bdbb0dda00bfef979925eae,
0x99d34e5e69be421e294f130433e2cdb0f875129b,
0xe519e5eb81f92bf19ecfc7e5d9c6418cd8c2e0b9,boujee.eth
0x3a7a2554b98577ef723424bb3e0ab99b80ed4c12,wutai.eth
0x0ccf50a2824ba8d9d049f432be976c6c17390215,pabloescoberg.eth
0x1da1c475b1b0bdf901d4a54edd8c2251c4023f4c,
0xd00f24c1d859edbc23311e802c32b76274367e8d,vaporaviator.eth
0xc3d696c268503df52781e32085110c562f40333d,zjj.eth
0x657ba79212ab6fd4a50caa94df0cc41ab92c1094,
0x9fefe8a875e7a9b0574751e191a2af205828dea4,jeebay.eth
0xc86ca5b3e51addee16462e9a5abeba5e51590ebc,
0x375ee7dbaf19869972b662554c00e8abde58b888,khawrk.eth
0xca0bf9a9a01d0673ccd3cfb3a8788877121a6ec8,
0x33ed5b55ca3344e43de28a3c6f4ff9a44e870e48,kirtaner.eth
0x5ec0e9b3be23dd29d915dbe02ed2924f677c15df,ltecake.eth
0x486f69a17363919312d758d82958d8d0b2bd0e33,
0x6bf1cf3fb4e9370b9bbb8157ec02508a2dd3bf94,
0xd8b6a8201868b2229bdca2e6e63fff3a2b6e478a,
0x6647a7858a0b3846abd5511e7b797fc0a0c63a4b,yoyoismee.eth
0x3d7ddd2dc1178476d6e09a3496b550d3dcd7ac4e,
0xd8459bd445e40812fc3444d6f9046089c2012e09,
0x0214a23179656987681441f059c6f521a7d2d9a3,
0xf5f61e4162fb88802903e28b33439872404a99a5,
0x427129f0159fe01f9c717a798627f69a756f7227,
0x710e2f9d630516d3afdd053de584f1fa421e84bc,polycarpik.eth
0x8c30124c26196794b67764d29c7d103bba692e0c,
0xa31adc626974885a380cbe869bfdf76090bde11c,
0x486cc4be92c0a0b1247fe63428ebe18f50c886ec,
0x6b5e2c12f18303c9c5957f99ad7574dac47e6b18,
0xdebcd6ef5ea3e754fd34f4b2767a3ad94cf6f0f8,
0xd2ac62d61283be0e4875458bfdcd9020531df2cf,
0x9a0aaf34b24e8f2a999b23bd033007f17e1da2ad,
0x8476b695c5f8313cbb6b46b5b18da11aed1b6bd9,
0x3f22f740d41518f5017b76eed3a63eb14d2e1b07,shutterblock.eth
0x43158f45b5ebd7b1179130130df00393928c2691,sashito.xyz
0x49254fca4390481cb09a46bb67a838efe3bd95a0,
0xc96b7224aee5931eec046ee696e7d4b6f8532921,andrewcohen.eth
0xb7ccaab1b0f3f5331ab5da4f3f8ae710f26783d8,
0x83676852544b6d46e3db019fe9813c85946d8f39,
0x87a77d4163a43ea33410fb4f6425650934571e07,
0x8b3605f331d466b51b15288721d823fa33d6b3ad,
0x1753793244fc60d18546f0473852641b1f322c2c,adag1o.eth
0x2293ce640349a13dbf83f429fa7195650376b1fd,
0x6d2dd059dcd7b671ecf4a542a0ed198020c3cc72,
0xaa483a943a8e7568ee3ae518d461cd0f26635758,
0xb48e8da63c2afc5633702b7acf4bde830c1de48b,zherring.eth
0xed26cb39e851b4765761613e90c89499ff37045e,
0x2bf6eb175a99395df51dc6c517e2b75a570b2124,
0x8a095bd892ac14a9ab62ef17f97943a7207e2820,
0x40ea51daff41f9794ce8acab416bf571f9ac97ee,itsmils.eth
0x0fac5c6bba6cfe88d7c6224dbde2b96be27aecc8,guvna.eth
0x8b4441e79151e3fc5264733a3c5da4ff8eac16c1,pee73.eth
0x40968357e55f59b51ab3afbfc05432337fe96478,
0xdf52277654f3070e7bd9cf242e0b1ea8a695d921,
0x4733189c5b2042706bf230ac7f3661ef565b28af,
0xf4c6a5df9050b15a21aabccbc84ccb31fbdc0846,thewestwood.eth
0xff7b64101cbe44e335818c262f7c6039b2c3aed6,
0x853c592691eae39e91c9a8a26006e55a4ee9ad9e,
0x888d35cda7a2e5df438b75b89e567c6ac6d36ab9,hem.lol
0xa739e7d311041aa3a1fdb4fe7c565799609dda6e,0xgib.eth
0xf31df2dcd4083ee57f0d33d386656cfbd1e859a1,jengajojo.eth
0xe52c39327ff7576baec3dbfef0787bd62db6d726,5pence.eth
0x1253594843798ff0fcd7fa221b820c2d3ca58fd5,irlart.eth
0xd1a3c6ee961e029a468de57b120cbdafc0f9781c,
0xc09eb6ede8119c2b36924604b35c83d80b92dddd,
0x4dcfe450c464c8a036c6131f93abba2f9314194b,brianw.eth
0x6a19891e91a3d4d690cc8f9627290d25bfd34df6,
0x330a1b029a0c41b749b43274c992d535d714bf2c,joshuavial.eth
0x94b9ae0d9dae936043bafe8a60b8ed746e952f0c,jozzy.eth
0xd9898fe5707936874316023d74ae9d723f31fb3a,agrosso.eth
0x72cb40a11781ff0149abb55a1adebe2407575030,ox.ytocin.eth
0xa36f7d9917832bf04358a31900d3ca56e1be1507,antoinehajj.eth
0xe39fdb722dcabcea5b764b483f524de866f82253,
0x5882d13b08b37bbcc6ad951a08f5965b38ed4ee6,
0x1b21139471aaa96d701e132b677e9fcba9339cf9,
0x63db9cb56540b6db56a52df19b69865a004e268f,uncmatt.eth
0xb0f087a889895dc6829d5b8046448c55ba83b10d,
0x834bbba93e37748052d98ed9d8d4f26890247467,
0xabc6650c06eaed6eadcf0bbdf77d2d47f81c5b3c,
0x0ea1a8ecdc67674793a6df555372c1269a6b15fa,0xajc.eth
0x7f953f11343408ebccaecd04eb0d1e6bacdef87f,
0x97a4abcfc3c99e42fb621da62153be5ecdf16677,thehonordao.eth
0x39ebc65b0b151f7c951b008e70cccbf5a8e39518,notbrian.eth
0xc5a07c29a71db1a8adb7fe8011608074dc64e94f,gregthedev.eth
0xddfa8bede71b4c8cbb50ada6e81e1e5180376bfc,
0xb432ca713b50c72049493edfde314abefd23bed9,mycomeg.eth
0xb6647e02ae6dd74137cb80b1c24333852e4af890,lanski.eth
0x2ba724e40cd65b99f0120614fb43efb0e0c2ee27,necklacez.eth
0xbe5f7983db44563880453f433e674f1b7746a9e6,
0x8588be209727c471d31d77b844ed411ba068f73b,xiv.eth
0x92307d434682e0fc14cb612a3cf99b520d1211a2,hugsnotdrugs.eth
0x003bbe6da0eb4963856395829030fce383a14c53,boyuanxu.eth
0xe5aeca5fd7ebaaca75d0b8c56f91fe98768826a8,
0x61615d4da63854b9d4d4e651c92988651ae0a9ae,shigeng.eth
0x950cab0bf5b6ae2fc1224d13fe3d7de40b113634,beechain.eth
0x00cda37bfc3dd20349aa901fe8646688218d8772,dan-burner.eth
0x8eedf056de8d0b0fd282cc0d7333488cc5b5d242,slanders.eth
0xee4e1e86ca32b090fe772cb779db5fda0cc6d478,
0xa8c7372dc993d7510c9c45425807d463967cbb12,bmann.eth
0x76963ee4c482fa4f9e125ea3c9cc2ea81fe8e8c6,depatchedmode.eth
0x02a250b4f8479ae742415307a23bc9440e67f737,
0x7e17f7d5fc8009967279477bc951f7e9bc5f355b,
0x589b9d93739aa37e5eef776c38f93ce38c9857b4,digiwand.eth
0xa4d6d34ee0a6b330e103a83c2b45f58b5ebd11b6,
0x89303deccfb93925de9211416af10dc4c9cc84e9,
0x654965b143b5b3443671cd663f99d4bf23b3b1ae,idea-dao.eth
0x869a01a052bb9f1c6f35a643542d7f8d3c22eb4e,blockraver.eth
0x2cc43f1dc0ed0a770e25262b902b70e4d9564bdd,
0xca47bb2ffb7eaea5517ee6420f6cc4535307c297,
0xced950cdd8d7cc656a44d7c834a21a1a4239c491,marcinkaz.eth
0x741cbef1d6fd8d2c6251992327e67c32107f1f2b,
0x4bfc609ca02d357c3c9ee20657c93d8216b71c01,
0x779e5e68f3281e15aa67a762397f611c0924735c,
0xba0cdafe3a4b78da70e43815a1e996fbe097f533,hundert1000.eth
0x8b49509d8692cf3d2bdcabfae823a2a41c51f404,
0xe1412eb3a56502c5322eddf4fd6b63097fe9f08e,jvrsky.eth
0x4615c12a57b9acdd5e4d6aae100d952440cf2177,supermeta.eth
0xb638a18a67d3e522e46bd039a1dd4fdcc74b9b4c,
0x604f0220a4218e01654e2d972bd01901be5f7521,vickyfu.eth
0xf103368979c84ffcffe1d44f081d215d7415b11d,
0xcb00ca453d0da9b8ea35f4648fef1142881407e2,
0x4461f8d774ae431f558b08b30daf38b2be794345,
0x71d887e4c7da1c723a23858010d3b80df2260a65,
0x13fcd2dd11457243fb40b95e8de419ea10f6f5df,
0xd6b66609e5c05210be0a690ab3b9788ba97afa60,duncancmt.eth
0xfeea4cd7a96dcffbdc6d2e6c814eb4544ab62667,yan.eth
0x933fea1208796f98450bc16f229dbd2d7d6137c8,fatimarizwan.eth
0x2a9f54751f7bd8122a11051680831e68e7c34800,
0xa70fcc425e92803b3a3f9c1554fcb97f5c7eb8f4,
0xc6729c943584fe18345b5551599a8fa3e14d432a,leopastel.eth
0x61c72bd1374149b03b63086bff3c70dbda799b7e,daluca.eth
0xb412e4740061719e1639a717e7c668bd5f72b962,
0x25dc7f4584224e59e178c9f994c8e4483de3ce37,erikazee.eth
0x699d0d66b28931d76c6c6c38f8cbfaa4c04edf7f,
0xdfe22fb45e6c7266b49f6dcf3fb09dddb706b8e1,
0xec98c1daa8158a56538ff9423413fa6dbc8c1fd4,
0xa20279873f2ea26fbb01d86a61dee9d6be098b2b,
0xeb65650b669fa8ec557e415647924b6df7313d2c,
0x382b81580db9836846a99e200001ec236869c358,
0xedc663210003acd1a04a11e4cb32b93fa02d4654,
0x25422e7ef583e9ac8a07f2a2f5b571467990cc1c,
0x9ab0c9ef04b49940dfdf217bb1bc1aaafddb30be,
0x90b72ed364b5354fd80cb63054162c51282f3d82,
0x6db8c0b62663e0b45bffca7aea31a758d99d0086,1delta.eth
0x448cc254819520bf086bcf01245982fab75c3f66,
0x4ac6ebd8df05b2eeda4e4c44ae695dfa37ce330a,michaellawal.eth
0xcb14795dd0e1da8c82a70898eb6b58686ad69c6e,
0x7bac7a7f036e944cc7fa04090fbb125253b63784,alerex.eth
0x138cc19aa1dc711c82250a1ff09c25682c36b7f3,augwid.eth
0x65946ffb5fabe6d4d02f826699204336b42d436f,marrowdao.eth
0xaadeb1060de12d2ae8c7cfb60ca34b6d0445eacc,
0x198499dfb931b41eb8c6af3a7d41ef20776ba38f,
0xdd405aff61c66f96c7cfca34321faa7609ed6fa5,
0x3e9d5f0d7a31ffae7b883c114cdb73644b6058d9,
0x9208a0c6d206b00aead7f447098671d50a89159e,blueskye.eth
0xa589817e8f68ab4184347a5501901407f576818e,
0x53ecb915b7d7410ab582bca78bf8563bd64d8714,
0x9272d02baddee8038b165adbb8bd8e86c8e16813,
0xa781de65edfcace94ac1f0a882d9c0cf685f4fe3,zkholipop.eth
0xf7586dca0c87020f68d4cb028f3e8d98d3094a63,
0x4c6240987bb99710e57f13c7ff7e460d936d98f3,
0xcb8e8ddf379a597c9dfec09ab9414d722ae3f3ea,
0xef7f2e81ea14538858d962df34eb1bfda83da395,mbaril010.eth
0x5a72b98eff3eb864c8232b0e458fc1212e6855f9,
0xe16deec1a06df54177bddc93a2019583d9aec374,
0x9210153c4019e49b027eb67f9179fe3830b4ceec,
0xb2e6a48689c258f652a45972f0b8f7bae4d46aae,rileydesrochers.eth
0x6b132450c6988246cf60501f37cdf7eed5d19176,
0xca3706789f0fd5214429dacc103616820502a4d0,
0x98ae8da2c24e3306d7ad2f412be0b26eabfc6efb,
0x19dbf30453d8528bfd0be878535e15715cfff066,antonylewis.eth
0x164df7de8862ba729c40cf7330d04164fce493fb,tanaynand.eth
0xe8bf424e047372d249d0826c5567655ba3b72f18,web3developer.eth
0x546a5c457bdec70112c149ed280c7b8e8703a713,
0x3781b77f2e78d2f5ffb00283f67af81a6ef74497,
0xec3489c56763d9193b9e56c6d144b7d02013d590,
0x47f7ea0dd4418aa1cec00786f5c47623ac37ba42,starit.eth
0x3e2946007b0b72d07d9958234b380916ccf9128a,
0x8fea477432626ee84c31ce81b4fc163352a0e0e0,zhouzhang.eth
0x7a86df14adba1ef38aa12e5727c7ac20bf7d70ad,12x35.eth
0x745f1df85fb2a4f6df3ea1eef72d89175dcc4f43,
0xff4df217943855b779ba7b59fdf412fa79298f96,
0x00aad1211c819a82522be16b6e58d28adff103c3,
0x499e00eacdbac82a551b8d38e6f8551c029fdd90,
0x0ec700400f4034cb013caa144228d559c41ba1c2,
0xccda5084fd1d214303084f2b08e2f9d2eef45df5,
0xb07050ddd20fbc72393c8137d92a293e092b0c6e,madelein.eth
0xe870dabf9f62eb781caf786ae6de313c14ec2af7,
0x2bac1d670e906668f1cdf06f7e6146d13adc60ae,
0x03ed273129398e2df45e256bf95221cb11a7c92c,
0x1b3336804805cd3ec531abbad2b309f63b343981,
0xeb5aa9f749b5649d3da7373516ac5c0a4c06b8a1,rohhan.eth
0xb9780000151cae6a9bdda030d90af37637182b97,bobby-san.eth
0x23fad9bee26487c3784538d0bb21e1b2cb620976,
0x09b7adef64732cb129b7c362fd293b5c8f53bf32,
0x7b0778e46b77c76e796db1396eb68be20448ed5b,
0xa7f41260b9f9917d203387dad93404cdfe4d321d,
0xb32c1b6ca7a8234bb43f47f92e993c650d8afa77,
0xe4779616068824ddc13712865df9c08e744ce373,
0x0c79d10faebf63ea6661d462a48959276c45da6a,
0x7dc6f99be5cf16d605bedf237771413aaa3021b1,jasl.eth
0x6f25068753b8e1436e1a4fa2b7b540f75c20709e,
0x0a76b7869df1c83c516c66393e041b8bcbb272cc,aesopfloppy.eth
0x3b0b053eccc08d9b9f404ee3d73885456346dc1f,
0xf7ac63cea00286d65848e9ce4750b9f0fcfea2eb,
0x76f838819f33606393e40a8188cf2b279cb98df6,tinaaaaalee.eth
0x6f46dbfe491d12a7e093fcb2adc98ae6dac584b9,duann.eth
0x6e3f632a45256a7e7779dd6155dadd0d787fe1d9,
0xb48ad2845433a9455c5e34e3ad51d5f96b43487c,
0xfaf6d5e728173aad67422f486af3ac129726ecf3,mossified.eth
0x986e92868a27548a31e88f7692e746cd7e86f39a,changethegame.eth
0x2bf034eccebc8cd60dab9c249b6c2996dcb7d8ec,musashi13.eth
0x6ec1444e35e80d6b6e5b99fe68932c3f4ccf0146,
0x895d44d10d1b7b4f5f38e2ae2322539cf93f7aaa,kyngkai909.eth
0xdc0b03ebbcbbb6d6b4139b0e5f3f5f20c7b4f5b4,
0xda179069e1800c1420a3c82ca92dd04c5a0d017c,cesar96.eth
0x3bee700a108468f31a1b1c0a3458115f6680a165,
0xe65276e8a6732143dfe95238a6e45c8c0a4c0331,
0x32f753cc1f973f84d0bed14106b63e68a3f8c1cd,
0x74f2d8028085f01b5f85a1c4b953c2b4703bcc40,
0x7babf98c66454af8a3c366f893f99eba26a15c66,
0x84fabd111c71a5a0b20e5864ffcb213c7429e556,
0x830c91140ad5851d5b765691e14c04101829eaea,webthe3rd.eth
0x58e4e1c930140a328e2783121b34ff998e891b95,
0xc4fc652ab68c293b93f0f2263a88f88dd89630c0,
0xeaaf171369a7dd825d2b90c9f2e8a1e7b50322a5,samkahle.eth
0xf11cc36cc9e0f2925a3660d5e4dc6bb232cf2a57,0xflick.xyz
0x32c9d68bc8c2fdfda26de4e88b3e92091b642859,
0x35ee8e4e1b540df91803369b13cb58d32bcb569a,
0xe4095e9868281937ba23fd15d522d5c18d5cd25a,
0x4d11a9312a8476df2c93408d70b40b152b87fd88,
0xcb25af0d40c4c05f189c7eff6cefb3df2396f2bd,
0xddd453864b2c7a56fc934f7f26a4e8c608b1a4a4,
0x7cea1ade0da9bb3f6963c7bede6625111b74d60e,
0xb82023c6d61c60e8715db485066542d501a91140,cj42.eth
0x650e30c9d63c144b927daf01ea2da75afb05b2e4,
0xc703fc2d8869324af29e35a8c76af7eada3d8161,deepgandhi.eth
0x101f0e7e3e49f2c426763bcbb153ec9acbc1caa9,bitgoddesses.eth
0x3f2388f1a1d3dc5cbbb05e731c39205d3a4300a5,
0x89f8d04df5e5918a43ebeda421ba96f5900c8819,
0x98d35fb3d7d3a3c5a8fc783b2a65b97de8829c54,
0x5e565cfe224d4d08f9ee585482d54dcee596df9c,
0x9e8271e84f795fbee563a92915bbf620ee972c8e,akshitostwal.eth
0x73a3368ce832e97df1ca581dc264713b33dbb5a4,
0x1e2351db70c4f368f5ae77d2fb9c54884039b84d,
0x1047acae7c5b2d437fbff57376a434b248994734,
0x5a6a2d911972affdf6e50cf48bc5454657cee1dd,
0x6e3e88dff71c9832c82fde917318fd5db90035a0,
0x3409410c3cdd014ff1323a5f42512edf811ce69f,
0x6ce549cfee82a2176553d1ed87d00a56dbbe55ae,
0x4f44a2df1889965384b71ba0b0815156c9e97c4a,
0x1e3f7a8aee8f8de3d49cf3915f74ab1b31429606,
0x875e5b90b4900c556e3e6bd8dff1f7540727182a,
0x8606f3c62d5943551fd734272bd39a6e72f969ff,
0x9e366e32b067a15a359c2c63f961ac8405cb8e2f,madhurshrimal.eth
0x3bd1b5e36c83a07ac1fee830fc50bcbd8d70f9af,
0xfa9eec9fba16303eae51eb0ef3f7e090035e3e1a,
0x0c077910e1dc0b5bea1054cce14143e0971f95ce,
0xad66946538e4b03b1910dade713febb8b59cff60,timjrobinson.eth
0xf2f03516e4bf21dadffc69a4c8e858497fe4edbc,
0x6c320a427a22012486722cf8e8b504ac1c0f3b2a,river0x.eth
0x5ec31f510a9b9c81582e7fee541ab37d7df7cae6,
0xaca88f52829c4ccbd39ba431424c221714e9fdc8,
0x477a95f109ca9705fc848c7ab3e398ac534ada82,
0x4b8a65c8ef37430edfaad1b61dba2d680f56ffd7,gyanlakshmi.eth
0x86d81e72beeb59a7101c1ef79b12890799deb453,
0xbf675280cf6f2a3b86c92011b5e17a72451712ed,
0x86d3ee9ff0983bc33b93cc8983371a500f873446,androolloyd.eth
0x872a09a56d29257f468153220979786fc665b486,
0xe3a23102dd61e95039bc129f22500f384125dd68,mahithchigurupati.eth
0x6bbabd9ad085b851518ff39d3ec7813cd889aec8,
0xde970e2c23116d5947c1199137428d3d71c21153,
0xaa42d0b52af223adb589407fc5d81b177ba311ad,
0x9a2253783f24be03a5e825afc6df769ebcd010e8,
0x491bdc32f0a3067102b143f17d29fd4bf2436c4c,
0x0f1d41cc51e97dc9d0cad80dc681777eed3675e3,droste.eth
0x1244a90e4330ba8a41751baa1538c1fcee6d0d37,
0x03851f30cc29d86ee87a492f037b16642838a357,junion.eth
0x752a92bba98637e5667f96685c956e25c5fd8c82,
0xbb8eeb1b3494e123144ce38e1aac8f7b96b5efa5,williamx.eth
0xc17d8400f7ee5f65674717b12283bc328312bdd2,
0xd12b78df063fc4bc7bb12cf1f060b55a15dd759d,aminiman.eth
0x1c70319052e9cfc804e3a8f408c828768f0fe40a,
0x86d6686e34f28c31f87841369d415daba0194aaf,barelymade.eth
0x0c7bc01c7875db04ce6ec54bcf6acdd994508331,
0xfdf6576e21641a65bccea63b576b3d29ffc2d12f,hugom.eth
0x43b3a88e27fa33c59567ef3dd52f002c78f49233,goldendylan.eth
0xf368735a1c7d95adadb12c0323b778ca75dc5667,
0xbb4fde5f0839e32deef2704ae9c74272c10b142a,
0x55dfe43e9e99d1efe0930ebeb70b94ee7353915a,
0xb24343a52d257ee195985c8d66ba8a1d333c63eb,
0xccf59c772bba42ce37c50b7c1d916ea49a7bfe2c,
0x856464de4357c3de8e685cc9a437da82b6005ced,
0xcb58b031b76f4d06c494c667e2e26f4b05b45f42,
0xc5d52fff41386bf8ec591d97441b89053e222e74,
0xefbabdee59968641dc6e892e30c470c2b40157cd,emunsi.eth
0xd9d36db2622edbae09b805b0c22f6203132b3666,
0x3a4e6ed8b0f02bfbfaa3c6506af2db939ea5798c,mhaas.eth
0x1dddc5c0d1449e3acc9eb24166470ea423d9d470,
0xbb70839d17f4efcb970b7eac626b4eb56e9d6510,
0x1436dbffbdde71d16a2c4d23f9116c3158c4d984,robbieliu.eth
0xfa1bc1d562d3e36f2e611db5445f135b051b6272,
0xa4dde78906b73133296d43f23ca4b41009059123,tksohishi.eth
0x06c7bf178d922e3672f18e4aa8126a1c20c8dc78,
0x858e313b9f60bb138305a7904571d172201b1ef0,
0x007c14fd9cd27ed42b852f79cb9b951d73127dcf,
0xad2884bbc3cbc5d0a09d55f0887ba6a7eecc6d27,
0xf13b8ba6b0c40216fde075528657d992483ee900,
0xe0bdec724390d865b32ae6bf2275367728b426c4,
0xe234b784fa421c0216cb22d4145fb0bb6fbd890b,neter.eth
0x6574fa9a62a9cee9d7afe279b55218d847ad8bec,
0xfef5d632c8431831c1d139e5d207957832cc334b,
0x4b808ec5a5d53871e0b7bf53bc2a4ee89dd1ddb1,seanrad.eth
0x15fd332c15373c9ee15f81064a5b141401a2699e,
0x35a66efbc0f64172d1b30ee9f387e3fef6c19c21,
0x413f9f014f62c4ad3a44bd8812d1990b2ce13fa2,
0x7a738effd10bf108b7617ec8e96a0722fa54c547,
0x13c9a1e935f8602bfab3dbfc31feb7e44fb3c3d4,
0x1391179fe009f6a07f047603dcb3e88bfdb2e16f,
0xd28975e25f0af62c2723782ff1ad9da61d8b7b7a,
0x0599c62813f6baf87bd83507d1f177b4b01d2a87,
0x8b580433568e521ad351b92b98150c0c65ce69b7,mrjackalop.eth
0xea3e3612175a894362f3062785adc133d9b98f10,
0xe400820f3d60d77a3ec8018d44366ed0d334f93c,
0x28a88bfd95b24a9cd737d5dde31d4fa36695db11,
0x106a63fcfdeef2d2909c10886518e0135ecbaa50,
0xdfbecc0b4aef80b96da27ab483feb0892472eac2,mathildadv.eth
0x76db19a02c63fb204297cf3c84dc348191e9f073,
0x705e9de2141d9c229dbb5e062907eed22222b5d1,
0x95e17ee1ff7ad3d66b260a21b335ea6cf2ce38af,
0xd6c23e2c0e19dfdf8638b076f1d076f7b29b74e1,billyjitsu.xyz
0xe82a1846e827512403fae86f82b0f94fe38d9834,nickpapagorgio.eth
0x4335d714e7f3493f9df96fcf6c62fc1df7fe2065,
0x5c54d2fc26284dc45d704f6b5106c50eb0339f1c,dmarty.eth
0xd432f161bc7d1eabb0fdf1b14f2f66d7935d8ac0,cryptogirlx.eth
0x85e71876f5d3934c1fddcb0930271f6d92ae87fe,
0x7b520906313690f9b93e86bfb0e380ebb862c268,
0xc4ba135513f174adca5fb02d7948a22a3177e07e,0xchaix.eth
0x95c51a120297c3efff2e3d467f984162e0db6648,
0x4f3e50483ccad7aedde303f1086bc25700b9008d,
0x1ddc50a8b8ef07c654b4ace65070b0e7acff622b,vijay.eth
0xceb892340f5ab400a78878a7f6466ff4fbbd0327,
0xf2338a37e6ad9e9a1f17622a3af6fd943f8204a6,
0x6dd6934452eb4e6d87b9c874ae0ef83ec3bd5803,feems.eth
0xb86faee5ea13f5b59b8ed4e8b5286e446066fb8e,
0xdf1064632754674acb1b804f2c65849d016eaf9d,mrdeadce11.eth
0xeade805f28135ecfb81a11604eb42a879f3e09ff,
0x0ee9203b8a64eb57fa837aed92dac614f40d7d5e,weeyum.eth
0x896c20da40c2a4df9b7c98b16a8d5a95129161a5,player1taco.eth
0xc27fd9d5113de19ea89d0265be9fd93f35f052c8,hypequant.eth
0x23adf9a1351d1e28a43646b255835d37aac68859,
0x6d2f1432cbb1de3435ac2ce4426bbe9c011b0e75,
0x884ff907d5fb8bae239b64aa8ad18ba3f8196038,graven.eth
0x45d2056ad094cd440859d44edfb6282198879492,
0xf2f6245b6a59b10eb8e3d50a21a2fe18d5a89fd3,
0xaa341e110b3ca9ec84cae86c97d1201e97dd370f,
0x00e043300ebebd0f68e1373cc2167eebdb21516c,gaboss.eth
0x3c6cf50343d972db4373a3e8482c9681efbda6f6,xcellsior.eth
0x8d1b8a701b3ce393b63b1b29c39e22450cec5c21,
0x39e9a08cd775815fedb57d691f2a2f3ba26d59ec,
0xaf6c1f709e11473428eed9082caa76673af9aadb,countessellis.eth
0xa142ab9eab9264807a41f0e5cbdab877d204e233,kaereste.eth
0x8d71d95f707747baea50a968b488dff0d3615b27,vestival.eth
0x52eaf3f04cbac0a4b9878a75ab2523722325d4d4,
0x2e75921a22a08930643b5756337530424bb22bb4,
0x3d96abff60a7254f733ed5c9bfbf56ab4928adf0,
0xc6a39e2f9a7626612292ad56e76d738db43596e4,=Ž.wylin=Ž.eth
0xe9d94a59799e3faaf115021b53a11398c91e1b41,0xkashi.eth
0xe95330d7cdcd37bf0ad875c29e2a2871fefa3de8,shugo.eth
0x433189019d7128c3c55d03797b9c594d69e26526,
0xc02acaaa0987543ab74a13f07588d5e2e83160c4,
0x8b2e10bfd9f0c2813905a73ae2acd0468c623082,drewf.eth
0x84c59fec3a0022d37eb56dfa6b8e98ac24853732,
0x728f58cd379b47185243ce981a514c17ed0f6fc6,
0x47515585ef943f8e56c17ba0f50fb7e28ce1c4dc,0xtrvr.eth
0x749b7b7a6944d72266be9500fc8c221b6a7554ce,voicefirstllc.eth
0x361d5362ef3e38a34e40b8e8220230c84335a5eb,
0x273e6894b238f83413fc545605098dd704395813,crazzywizard.eth
0xa9cd2d7fe90321badd16ebf6b5db7a6be099ef2e,msig.alexlumley.eth
0x7e85446bd0d465fdc1875c264f5159e59eb423f1,
0xc73add416e2119d20ce80e0904fc1877e33ef246,cleanunicorn.eth
0xa8d7683b90ca44eff978bf24cd49161b0017f41d,
0x93c6abe2ecad74995cd86ff2cc8002993dbc5c4e,kryptowink.eth
0xf9c333e49e2334588cebeae9a2bc1f421551dcd0,
0xcba4fdb66456b0a9f30f0714ed0f79fe2ba5901b,
0xc02771315d0958f23a64140160e78ecb9bb8614e,daostrat.eth
0x18d03734ecf178448b51ebd6cb8e5ba6ef2e8ccc,
0x92828d4f6f06e1a546918c7a8e2935c18f1dda2f,
0x33413dc9a9b73b92a6e1920cea48c3a27abcd000,
0x5e540c0c9c615b41a8468f23d11c7fbc012c50cc,
0xc0d7f1fafa41b8d61ed17df0e5ed1be1c44a9c60,
0xce8d52c38d74b77a0aa361c48fdce6b220a3370e,abhimanyu.eth
0x97db651f21639c4f6b0997184373b9d21179c157,
0x0f0b0b54321c084e4579c79b512b49fffac6d945,intmaxmai.eth
0xa84ca2f5f7786d97c36d83e4ca2d119da7b3180b,anniepress.eth
0xe4c9c1a92aa0738badb39ea1703b18f77169497c,
0xf8465a8fcb39f6824ba51f5c0068dcac41c0e5c7,niklabh.eth
0x76f2fb6bb1387b63aac47978221c8af78c0d564f,
0xd5cd7bd14694590de2f9e2fddefb3ee2f733427b,
0xe29845125b417610b163d92b4b15909e975903c3,topangax.eth
0x1260eef1d6c985b79b7bb0f266dc965f129b0200,
0xea6628904b0653fb839902477b80d2d838dec292,
0x0c2f6c5d56a9400f64ced9b6fcfb3a82be8d80b3,
0xc9b7f062a8fd06ca0af3055a82692d6d55f64232,
0x28cd26d85b4ac655a489aa3f259f81283bd1a804,rikasukenik.eth
0xe0a28485ce1b81df501e97c9370c9dc69b97432d,
0x707240d4d255f546ef20faacf7e30ab571b6f7f2,
0x236b30afdf7a1de9820d46722c131b95be086326,kaiman.eth
0x91d4ebb05d3273bdb74af69c20b826f9e76ae542,b0gie.eth
0x505e854af8e308ec9526776f99e98e5f03eae079,
0x5bad29b53ab2d9ac8a940214667751348c3baaf1,
0x5fa651c50f03d90eadd4e4ca8219862e7802a948,
0xbf884dc16b262c1c7e0a1ebffa4af2ab3a9b315f,crucialdev.eth
0xa0c031d0de039023915e519dbc2c368a2e8b9585,
0xf9d71b5fb8345f2508c1302a74d4362deab7d104,bloomz.eth
0x5ae25ec8afc816f9b5aa8cca64217761179a7393,solange.eth
0x08e242bb06d85073e69222af8273af419d19e4f6,avaer.eth
0x6d18fab1185cfec6c734091653b128d65056ca53,
0x6997060d6ba220d8a0b102e0003fe12796b874bd,
0xf45377d501f286a855c8bf88d4f43f3dc899ce61,
0xd6e818e9b98ac5db2764ff99f9c9e2c81f54958f,
0x0f25809d8e83abc5ff0f4ceb8a8c39c79746d0b6,
0x8eefde56eb6ca72eac0cb4ce15676329184f1d08,
0x606782f5503c448d162eb7d382a6d22cce8e8b41,
0x12925e66b39e20ee0021647f4037e803906515da,
0x80b92ba55b7119d01889e7187ae782a26ea0001a,
0xa34d5ede849a6fb74b1a58a235a24810b07f3509,
0x7ce4f92598c7ecaed583ca884b8c023a19b22a0e,
0x39799781c6b1e150c27a472a7067b062646610e5,
0x0828abfabead3fbf2a72dde8c81cad6b26a59ea4,
0x04ab04d8eb65125f4d3f578bd04588f73c1cc184,flexter.eth
0x8da48e5846c06b558970acd42edc7da8799481e4,hidayath.eth
0x913bcb9f4a0f4c74a48cd6347c6e487f7ad99e00,
0x2caee8eafb99d2e7116419bd73f55ebe5bf8b89f,
0x2cf0a4b23a0015b161aa072292852b52f55eb95a,
0xac87a3fccb8c0c0f337a318ac642e0ae9714da29,arkg1.eth
0x89b901c4a7b832ebdee2f2c5d48b387b44512251,
0x99969df2da9bf780cfd62d7cc22f77e5bdb332df,
0x17c88e26c9af1d6f5abd1c1a6a83f195056f792c,
0x343ae1333a342ca77d91044f2a05fbc5c77a98c6,
0x2f0d360d090e6cbdb0116b26a492399c226741cd,
0xcdb6fa37ec70f0e62c842de9297d566381c649c5,
0xfd41225e800622ff096e8c306509c3035a9dbf31,
0x4d5b28d08e8c00e041053b0dc584e00e6997daa3,
0x957a5a0097c7f40b23bb3f5eb566f93697312ca6,leylas.eth
0x9b154bdea6d24f679f46a4f0c16a1b7ba7d3506b,blondontherun.eth
0xd2f3543de97fd5ba6d10f0c133e68a2d35ef8d9c,
0x94d5a928810f895af5d76d1a8c98007f2f2eaa94,
0x3ecb6925a3c20d789690e87b701d83c248f65e25,
0x716103393284064c8db76d28961c8cfdd89405cb,
0x504ae5caf5462654806f83e3c508a1a105887876,cyberd.eth
0x790914b66aa57ccda5596da83b98c94700ecbf04,
0xf38d178cd7e0bc346dd1cec1c5e21ee214dd891d,
0x4e8893c09788aa664184dc623e8efb03e78bb8f1,
0x2dd96a271e0968393b274658747cc5ef739b87a2,
0xaf36969be0ef14ed1915a0bc2ded7afcac9d3ceb,sploot.eth
0x33ff30ce0c360a8c89e9fedd9cc354523725eef4,
0xbd56efc637f8cb7133e304b3f929df9a6fa35468,austonst.eth
0xfefae0fab60ef769e76d1d0c67b2d6f5c5bdd118,codenamekid.eth
0x4bc519f0b7b348fae780afb2dd4aa76841ba8e9e,
0x7311e98e8a50fdfcc333f4c662d50b74cd2886e4,
0x70134d406cb230a5e8aa7c2dfa929097c6e237d3,
0x16624b589419012a2817c47432762369c859b6e4,pegsamuel.eth
0x9b726980390d4603531607d30afe14d1caa1135a,
0xc80a0b2635bd45234cf4f8c834f1297e9e16d136,
0x2d209debac2e9a4dedb700606571de8207f611c4,
0x104df35d8de5055f0fa8200ba2c316fb929c8e3b,
0x1cf342c9c6818bf703f9a671cc186b7b39f4f25e,
0xde85d52a8285adcb4ff08c15d167eaf3d0acfa82,
0x554e9cfd8b1b446d020a4fbf6f53142780e41402,
0x4a29c8ff7d6669618580a68dc691565b07b19e25,melboudi.eth
0x0e4498167877af7401642caef5b901b8ed3667e7,
0x170147a55a9a5d64bea6a448971dfe26c131253c,wackozacco.eth
0x23c6cd535cc38bd826c789869fab65872ee2798b,
0xcae687969d3a6c4649d114b1c768d5b1deae547b,
0xd083764c39eddb70a749e0c1f808c14706b0cf44,ciferpunk.eth
0x711aca028ecaea178ebc29c7059cfdb195facd37,0xfhd.eth
0x7bb3152223cbbddd00a1396fb431b4b11c110697,
0x419e84933d86d0a525ac42990fdfa172554c8891,
0x66b1de0f14a0ce971f7f248415063d44caf19398,
0x8c8b5ad1cb8a83b8abe30694f6f41c709b0c3749,joshfernando.eth
0x2bd6c1d43cc900145a29c9287a003cda299e5f2b,
0xc30e33cc9c6f13e14d282bc54cbf35e410a2bb6a,
0x745b3a6094209e776075f26b8d5afc27bf6a9dca,daoctor.eth
0x83ffe2cbe305ccd48836b64726bdfd1fb643a13a,stablewang.eth
0xb612c47fb4c785ccaa38f49ff90fe0ca7fb9b09b,
0x79b4446ed42027bf1063dc9903e16293ce27b0af,ilmondo.eth
0x4141ec9f8acfd636e7b037eb3171f4452656da35,
0x54409ddadb011ee6e62a5011deb87ce54f314530,sonofmosiah.eth
0xd0c81e82abddf29c6505d660f5bebe60cdff03c5,
0xcaea0dd0877979772cbf2008d9076e3ae2a83679,
0x59e341b68d7dfca3557ce8586ea5d38614763346,
0x25a502f1907a3d857204dbe6ff6859501c75f5d3,
0xaa9772d31476e85fedd1099e40dd2ff5dee214ff,=Qprince.eth
0x15e038b0aa5b0b53c53a9f4c45f8a803f5e2ae2c,microsoftpoints.eth
0x671215a06a0a4fe039a7ba8a282d178512929572,
0xa236e217d428c0b9da973e7c8cc86e2ff8a9d923,
0xc7be2b819030cd40a29694bf626abb37b416132d,
0x05ac56cbb05712b00a220dc524cd87210bd53c6a,kavinklein.eth
0x8efc625fe510384b47ec76e8ce7e80295b7a2012,
0xd05eca82d8573b885e4bcc4fcf677e02324e6835,
0x38784294714333f1c94eb1ef09a3bbd6cc912ffc,
0x96637fe6930568988576dece25aafc434e933cf4,
0x3d9607123ace22cdce0460ab509ee1afaebbea2b,0xloic.eth
0xa85cdfc49775863da646d74d1af619a946d7f0e5,dubane.eth
0xc0b0641740f7e7f6aebfa29ab46c28d235d3645c,spechan.eth
0xd1f240f1188f78195a23a3e5a69697235a5ca75e,
0x754c0722198d350a9c719119435ab606e9273fc3,ablax.eth
0xc8ef9f9605641584bd0bf4fdb3341fc0c038b401,
0xd0971da951ea65982bcb50207013ce4643ac08cc,
0xb7ddd820147b57f1405f42dd4c660e30d0999e1a,
0xaa0dd4544fb4ac8c706011bfa8f16638fb6409f3,mattmurrs.eth
0x56c58075ee42e7c28ec197bef0549112262e0ea4,
0x05992aab572fece4e4319cc931bde1a8b6601788,aldrick.eth
0xb1b6356ea9e2f3bf9867d6ac1c1bfd2cb1553abb,ytlin.eth
0x88d6b41707985781cbdaae4a680e44f8fee5ecaf,
0x3a5adf48e9397b7289f35fc4db6676cf1bd1ff1d,
0x741b875253299a60942e1e7512a79bbbf9a747d7,
0x1f417f8548279e270f0f89973cca6e4626b47f18,reina.salti.eth
0x58a35cf59d5c630c057af008a78bc67cdc2ec094,macedo.eth
0x4aed006c0235312a56da3bce1dab9cae0f3f95a9,impactbilli.eth
0x67548a3c43819643390a9aa5e0bcb284422dea86,
0xc2648c4f3a78b796b2cd560a72a6be9b4078ad9e,
0xdf4dd7f972926d7d82b8a3bb3feb5254c368045c,punksverse.eth
0x8d6dcab2047580d46e0187f6d698c37da395749b,
0x872fe966a62affac0ab72a3fc1e37dde40408b77,
0xe62abbb1be8d3caedc96dcbdd47aeb40c74a3c96,stanlyya.eth
0xcd84511f41f3b2f7a11f7e5564e091d5422746b0,
0xe1d0b6d11858561bf2fd23671329a66df6e312dd,
0xdb1cb916373416fc900a8533ce02aff3faa62cdf,webgnar.eth
0x50f7c016141598cd27236e1f4efdfbc5dacade91,optimaresearch.eth
0x375c1dc69f05ff526498c8aca48805eec52861d5,
0x088e6beb2bb157940c44440578cf07072eba1cd8,
0xbe70d034f1480086d86636bee92b0be924f7e3dd,
0x1df428833f2c9fb1ef098754e5d710432450d706,0xjoshua.eth
0x453146eaccdc041bf675d89a0be89609c909fcf4,
0x257ee8780a3f088d34f239e120571a6e8dc2caee,
0x941d7c72e36d99f6588071025b61e824f5e1c931,
0xe2bafdc560a4dec56b000db49ceaba6c0526ab17,
0x17beae2eff6ccb06a8b836ac5b89cd507a10682b,
0x4562d0f369ee184796b23f19048d213703a3521d,
0x53a9af20cc3bc43e56a599b47ea0c8b338716898,
0x77c236db11dd8b91583402d96be8cc2f2166c006,
0xacb62eaa4fec863165c07d20936a438598d6d342,
0xe4eb2ccc1d78b9c17040c73bb498371128150b32,
0x95e3a824b159a947512d0e73efcdf717c185877f,
0xd26a3f686d43f2a62ba9eae2ff77e9f516d945b9,vengist.eth
0xb6d052d6f5921d52c1c14b69a02de04f840cefcd,wackerow.eth
0x75567eb4e22ae62d72f46225314313c8520a0f5c,
0x48defd8cfd0a7fa16256ce1549a867254d20aeb3,
0xa417d884b85b6fd5103567532847f791113cfc17,
0x55537101f2dff9ab6f8bc8adc7bc5111bc38c325,
0xce48ab270cacec658015cb167c77a68f743d7a3e,
0xc97fec575bac5787388e9ec2192ece3c28985be8,
0x708800fbf7a7e8e65b1d8bbf651c5c32019e7325,ernani.eth
0x377c2a416b5b43d970681d614196d6e773032999,
0xbecbaa2fa9b210d53babbcf5678ce80c4bce8d45,
0x239b88b1be00f539c8200c571d82ca13c661faf3,
0xa03b84b6cd8b029849057d4e679d18a4d5b68f8c,ayeevilgenius.eth
0x5c1305eeea39b72a2ba51c7965d6df89c79f90c4,
0x1fd4e198baf6e6d035eb065ec154c91ac73f5b75,
0xf85a5849a1b0c4ba599136d7b0fc8d4a0122cb8e,nik-li.eth
0xa9ac9f0b2316c85897cbce9a1f142d38fd574b1c,
0x35f7f29f154a28674c8a50d435384744b02cf42c,btree.eth
0x73b12dd262b3c00ed2aa1419ab2c4320c71cb5df,
0x6b5918d8ef9094679f4b4e1bf397a66ea411b118,coltonart.eth
0xeed1eb264fb30d7d7eaaaea887dab4790fd82703,nickfrosty.eth
0x7d3c7aebf799bbd8990cd203da69452b41e99bc9,
0x3948ba325cb87c4512531edad7ce891434ccaf81,
0x7b12655a5aada0b3c053c7ff5aa444bd666a0163,
0x2bf61c13b52a0eb2ce840a582dd4e401921068b9,
0x95ab16f4b3ac1789ffa0f453457ee8da7780d3d8,
0xae31a8e748d250660018ca876aca820f7751b899,
0x83df86c612f5353070c611b5108f1b22540f8ecc,xcastronaut.eth
0xe1433aab39594b2d1b8a327d00d7054630bb1877,
0x2b47c57a4c9fc1649b43500f4c0cda6cf29be278,calvinc.eth
0xc0828b7547ee7107c7d31bb09c52b9ea78f3b9be,
0x6bc83b5659e0c64d4b5d575a222f731faf0e0239,
0x753b1a39d5b036e9b8174c5db8b58465d5194006,
0x38bddb616a78fb9afbc1d4c9a5959638f08efa21,
0xd705cf48d2a99da779879a4823c7ce04168b4b4f,alicesin.eth
0x39138f92cc1553cd216a1273bbe408aaff90ee5e,bleachedsleet.eth
0x73490cfb385ef9348138d374d739482333c66c69,
0x46151c99c31e5c475438f499cb16d3346aa0475a,
0xa90411c77d27fdc1791e75cafe316c810ca5bcda,
0x8308abd35e79d082d9952820d20703cb1a8feafd,
0xb4312a617f5e933f2364c80df3af96083a30bf79,
0x2bef45d1d56b0cbf46312d210496b80c011ce6a6,
0x7bafe54726c93576f8624335feb8337a618575ab,
0x31cd1a7b9fe093d34a2cb5139068f00ce41510d8,
0xe51022baf88cc164171c3358a477833ffefbcbfd,windozer.eth
0x18070d824952fb5d46f529659bdb497ebb1c5985,asiyaasha.eth
0x588d91abf5192a0f0dc026bf05f510253bd1cf51,
0xe46dbac7a9c515c016c3d36c721c62c09faaf211,m1kr.eth
0xf03caa26c579a8bc9e8dd1ec0373b6dc2063444e,
0x437d4af9a082846e0cf3b4ce03175be9b7d404b4,bblrd.eth
0x39c4b985040419d5ef0ee571fd50262e927a7ed1,
0xdc8ce57bfc0828fb05e176d2c43b940670753329,
0xc0d52c8c249aa5d0e708339ec596101ccf1976dc,
0x4122c257c7a5d831cf151cfacea982444c833bca,
0x353f79adae7a03f61644b00f8013c38eb0b6994a,
0x7b1426d5c26fde907718f8ebb9d7aac2f3528ddc,notyoureth.eth
0x09c49e68f4a83aac7645bc7e81c7e56db5350127,drkellypage.eth
0x999acdd12383f3e5a3379000e125ce5a5c586101,
0xb2c8dcdeba3230544a5878aeb748a88b09d27c47,
0xb76c5fabd162b159c63ab3a7d39275255f62865e,
0xee7f765ceb55df8cbfc0a405ffc61bc8766edf79,
0x55a532b43ca6130f6e3eba0cb1734d2a2f7250df,
0x745953d4cfd3aee916476f027e1a17c03780dd18,minjikoh.eth
0xb3aeb0cdd3ac321c850bf470a6c1068f51f4a7f1,robski.eth
0xbde7f803064da6179162a624570a398d53e6e5ea,yugbert.eth
0x1bbbfccc94ca5e20faef175ffedbb12d84872205,
0xe862e2c1ca94eacfede3c95a217c15ef0086a29d,
0xa6f73323fca95895380b537f86146eb1e355992f,
0x4d639cbbc15fe5db467dbf158a78a5fa3ac20877,websurfer.eth
0xdd948d13843cdc24a7b2d1b18bb96ba0d0923c77,
0xf2240a2dd1bf117578108747d73b716a78bb3615,
0x80439266d56c9f9027a7711833e9807a09d8923e,luker.eth
0x11c33c4a680d0578d3fd2d7f4c36ba74a0c46e0e,
0xa2e73c800ae76d506d46e002cb14d1d4a08d3199,bowensanders.eth
0x5918644832c9c9f4e53470b83e460195ffa0ef51,shylo.eth
0x71f84aa585e1eda8852dad8dff3a69d114366dba,
0x45e2d4636efd6b27feb227dc484e17ae5bdd8532,
0xc2bdd945d0086c9781cc90a1ce577222e50ca0a3,
0xebce1cba1c082360a881bd967b2837ba6f03c74d,tavlius.eth
0x2dda8dc2f67f1eb94b250caefac9de16f70c5a51,0xviraz.eth
0x972a474bb3747da867ca9b7233d7201e2d7413ca,
0x703830e346936cb73fbbcfac3b543c1621a9d3f8,
0xe43577d0fa22a0c156414677bee9baf99a33cfa9,nakaj1ma.eth
0x6382eac3afae5cf947f27fa8dec6e6b867b9404f,
0x3d7863e87afd6cc4bb584c3d07f5deeaa6d26802,zk-yuki.eth
0x26b13e3924897c03715489361459b869af949640,bradymck.eth
0x97575b812620577085f31d05f39f97aeb82b8bdf,
0xf5709071a0ae5c03d03e90ca9da5b82956354cbc,0xtouyan.eth
0x0abd49bf2c961af3aa707c88fc0e09dd8290bce7,hyde2000.eth
0x64473e07c7a53a632dde287ca2e6c3c1ac15af29,syora.eth
0x3572c427849c15c7d8da9eab3deac53ef4d16c8f,
0xd3d9eae9e730b686aa29f06963680f2ad7cd7741,
0x7b54194220ed6928eb222705304a6571f6243c9e,
0xd0107e57074536596c6c25485253f8ad9de3afa8,katxtong.eth
0x583c1a1fce25c43ba60f8baa28aaf58066a76c32,
0x6f34803bfe8381094e849377179374c8cd6b6d3c,sunnyswap.eth
0x1a21bdd03e4ffe0d25669b3cf3694b83e5a33084,
0xe3f4f3ad70c1190ec480554bbc3ed30285ae0610,jonruth.eth
0x74f1a78b599411f8f1669c2fcb3281877ec492fa,
0x87ef20a86ea79b8f05d71b50cf74b8691604ec9d,
0x5e5e9207e58c16ad48018781a35f9ed116277fe7,
0xfec6b0951c8fbd383c242f3a87dbf90a9ac6935d,
0xa00015641c8272668ada1474a0dd74c51ccc1cf0,
0x1b5f4b3cbff53245ae516b5475be336622dd5dc4,mawuko.eth
0x7f56caed271c7928d580698853675836f46c729b,
0xa30fb02b5aeffcd653d062c2c8452947b8f77cc1,
0x288d3b021202293788d76f76947c74a65450374c,
0x654dff41d51c230fa400205a633101c5c1f1969c,orally.eth
0x2fefcdbafedd160510422ffbf0f925527e7a22a4,
0x42245e125e611fb0ce6519fe45fa32ecb7e8a517,
0xe4edee5cb1b4505c737d01b6c3102c8746899853,sreevanth.eth
0x4644a9afe25b01405b9099c32fbf123f919d4838,squirt11e.eth
0x13cd7ac518d5244ca6403d371605546391f62547,
0xa2ae42a1b1977120ac4f24018becadcd4bcf7c09,rahul0.eth
0xf1b3a985e3ac73dc81f8fcd419c4dda247d2292c,rootdraws.eth
0x70f9bdd3b684520d811f8ebe03487f4f95b92cd5,
0x8d1465e89a24090cce327dcd613627bcec4608e3,
0x3a341dab55a41205dc0a0be01354bc9d3112ede2,
0xf6c5cbc2a3d6e0b04868e46f7e6297148c255ff0,songz.eth
0x459bc69cfb98a3739832427a85575f66657916e0,
0x5d7a6fb0aaa4b79c93dcd7a43039c49ab83bc995,
0x0eb84fcb6f20cc7c65719194bd73476eb8143a3e,
0xc018a2457b10ef6c06fc5826103f802fcd1bc4e9,
0xa068971a4df9ffe7ef95016cd2ad13c382e2fe57,
0xbe8648c11b7448c5a63ca321e8900f5793820316,
0xade1afb038046d85cbb4ba42dad1ab94bca679f8,
0x34de36e6b5434cceefb5ff420d8b455ac9d611aa,cryptototalwar.eth
0x72337d25034d5a27fc10dce0c893fd29c1301d5b,
0xdc29524cf37361403cad32c1317f1547ab2e8bb5,
0xff02f742106b8a25c26e65c1f0d66bec3c90d429,j00sko.eth
0x094cd0d138bc71b3c738272c47914f447af04f0b,
0xc9a900b5c828ac2d30bca757ab3d5a5dd9e74a73,alexwykoff.eth
0x8930b7263c803b92bfe92c0e36b297b0b461a4cc,
0x4a5b75e346951ffbeb263455510df8fc5811fe79,thoughtpalace.eth
0xb0970e7d2f1d1c5ede18336a76e4797d2645b641,aidangorny.eth
0x21dc59b7880a5e5ee964bf9a6a793996a604abb2,
0x6f1b9fad6d105e71d235e553c9cc740307790f89,
0x997e77a43c7ae6a18ed96cf049298ee7e421a195,
0x651982e85d5e43db682cd6153488083e1b810798,
0x557aebe2b794126b60ec304eb11f551c27537fb3,
0x5ac7b928966c1fa5e0bb9a69b87bfa9a44538143,
0x066ffa8fe84cb2134440e4d814454116840a2a15,farmage.eth
0xb50267a2205aead657853679f385329a61d005d5,
0xf2d4bc74da733c2b0842d3c9f0b8c32c9aa7d6b3,0xkaizen.eth
0x97fe0a88ab8f086654873fc34733a2bd782976a9,grantt.eth
0x2a622c78465a622cebba23d1c1f56e42608a4a0b,
0xeaffbedf2c050910f23c7360d0ee18fda28320c9,
0x7afd312bf25352028810975bbe99903b7c28c2bb,
0xd754790649d615dc7b2ee7f15889b668acd92391,
0x70e839d353d7a63b8d8fe31fe15ed9bad2d06268,defivas.eth
0x2bcfe3b3850515d9aca51c1c1a085e311f03b41e,katen.eth
0x5a34fbe2207a90b120625eb38b6cd82609043614,
0xd28b1a015bacac87eb53d895c5e3ca338d0f897e,
0x09c7a5e2c0afe816e757c7af2ce888ed7d12fe28,
0xda05e32bd732488a48e108a53cb71aafe176143f,beebs.eth
0xe451d65d16d019740a948ba66d57947ae1b83b34,
0xecbebc5f295c05bfdec51bdcfdafb02d2e9a1179,u256.eth
0xd24ef9076de2b69a51f54042831403651d3ac980,kuannnn.eth
0x95f867e66012ce3a1164eca27f4f1aa3a7777851,
0xb9bc82de634d0d0cc439e2f27adb90b97c4cb0d5,
0x3cef1aea81cf61c4af99b99c3dd26c1f79bb4456,
0x78b89b06c19b1d6af19d195e0e9da7d7fd50f23f,0xevgeny.eth
0x9c1b089a7307b118d65f9844388cab3ed8e90fd9,skyharris.eth
0x87c250b47474f066f714c689707d1ecbf8572cef,
0xc627cc9a2f5eb91f06116b8ceace704b633e7f0a,
0xafd4f1f2266d72e2dca2e362a61fa186b2cfdc56,jarcodallo.eth
0x39cde2d830dfa847d13bea436b1383970e9e5c34,
0xf52d8fc13c62173042a4bab655df0ccbfe0174b2,
0x830da35c677675bdb02b9a071c7c7feb593b4ab6,
0x138c2119e4761618a0d4065c2eb1539199350e49,
0x6bc2f34df6ec3e7e84915839ff50842c5f135495,
0xaff2ab518ba962bd19f67e75ceb9de4da350b327,
0xc1ebf802a8ec31e89ffae132847692d45f11565b,library.clinamenic.eth
0x5bf0e884ad3da0a4f66f81a16cf8b448250aa7dd,
0x1e983ce401336a8a74bc2983ae681c901117ae10,cryptomid.eth
0x42f931c723376e53f78980b1497735d99a6d49b5,
0x69f8473b0db40b6d88d31b092b6c1e0d764fcc91,
0x8520273286a6d0e221b95d48495dcf94239f1230,
0x44ef6c0bc2f5c49bba733c70cdf7b711c9089258,
0x6d2d6226e404449dc93cab76c4b2734c3e7f302b,charliehu.eth
0x96ebaaffc2ac8d5d8cd95fd37514c1f821681cb0,
0x31d5a8709be7f3ce42efc21a72718acf1d57a890,
0xfcc71c59d541dfef385aef9bade861b1b96df007,justinzhou.eth
0xe5107dee9ccc8054210ff6129ce15eaa5bbcb1c0,
0xf090ee2332de866f61f57869ad72dab8f0657c59,0xglitch.eth
0x89e03e7980c92fd81ed3a9b72f5c73fdf57e5e6d,
0x2f051cf9f04dcc7d331f4e1db933488c74a2bff4,
0xbb5176c326b868b1889ce544a7bb20c0dfd94d3c,
0x771a35f4e20366f27ab337bc2c89de0571758869,arturmoura.eth
0xc35447bf6cb51f2be5168b28a50dd65f401c3836,gajit.eth
0x3ab21268edbfa002b41939efd9b482ea2e8b33ad,
0x393bc37ea5493233d2bdc68fd59dd97ee01b18cf,deltajuliet.eth
0x397b68c1be56848ba223497271a625721076c40c,
0x41548b16b60ed834226473d67ced48fff5e2059d,lucianosvault.eth
0x39a75879397d92a9abfc0da1d43805db22eca198,
0xa75e650d56a4bb8b763071624d85ff7cc31d6c43,
0x81ced0d6452da974f340ee9c8c6ff354aa69d401,
0x43e74fb91f5056deed4fc05176c16f32c92375e1,
0xd08b73b1ea4dc4cdd2b2f36f343799d66cd26e40,tauli.eth
0xfb06c31c82094758640784dde1c443d097631ae4,
0x8be8ae739f560fb0ebc0b1520ea5c4bcfeec5129,ethireland.eth
0xcad6b93f55ef52cbd6208b7caa4e258af3d8d16b,
0x1d56a5ed5cbeaa8885bb61c820b7f897da00531c,thedavidmeister.eth
0x83a959f4f347505169499f9e162326001e327199,
0xc775816d871205ff751c4bdba6e3acb0d652b196,
0xada1e88ea5b2e70e0de8ee77e849c8ec63df8a94,
0xaac256ee3997adde693bf8a9da1e8be313c9cbcc,jordan-public.eth
0xc7533a98d653be43d19beb522a6a7e1aef427658,
0x0607ae03c3dc13dbdd4d33add4241373001f3fb9,
0x801def1619599ca6c6a2192ff16797d7681fa7c1,
0xaad6c65b1ee44c55ebc5af2ead84c94f018934b4,
0x7028956e9dbf459775cc2e071be4331b711e56fa,
0x57f908c42f5a0e5dbbd3c35a137cc242cf89add6,
0xca381c8e057ff05807631a86e2c2cbc182ea2004,
0x8cc22aaf07c12eba7172df23a54edab596c1a56d,
0xf3e434f716e649130363de8bd38871f5d3b61240,
0xc95a4a6da5cf9d9f640ba0e778fe923d7c778457,
0xda54c51aa7b1c76a34c37ba8ea0e97108651e440,
0xe27d0f84055bc3589801c85f06516098fec9fc94,
0xf650429129ab74d1f2b647cd1d7e3b022f26181d,geekyrocks.eth
0x761d584f1c2d43cbc3f42ecd739701a36dffaa31,
0x96c382bfbbcd83c4cc0294f91b77e2cfc7a3ffef,zerocousin.eth
0x882a1df5c5630973cacbe99d603d2c38dc4aaf49,
0x5a2c054df161ab0181396f1fc16eeea4c500b537,
0x6c99d42c2b15a24dfdcf939b85b6b2393ec58b09,
0x1a50e5f8d7b62ed17e723d385577c9a5c0641a59,
0xa53a6fe2d8ad977ad926c485343ba39f32d3a3f6,0xwildhare.eth
0xab080597573729d42b7388425f2c467e4c169fb8,
0x71b5e41ce840abacfeb4295df1a920503ce01589,
0x980d5d12e5888e62233efb26dff5a05e8dba12e9,
0x25f11abb6e6cbdb76c14ff39568c82e8799a4fee,
0xe5adabbd71225e8074e30ff6ce2a66c9319c071b,civilmonkey.eth
0xb6095a3b9d30cdca6cd5f9f11387dbfd0f7a549c,
0xfa37ad7107210311fca7829186dd938fc2e39dde,redvelvetzip.eth
0xd8d02a536685535e50ab85b5c72e68ac319e346a,howardsherman.eth
0xf8c6bc75f702a889eb60becc5f4e50bf0a05b35e,
0x6ccdbfcc2398011748fc82bbd6c0bd00fa5e83e8,
0x34ac6e63e8ea32ab6cb5bc544f5ccef587f1478a,
0xe7874ea9aee21e3eadbeb8afedf0370067ef632c,0xlxc.eth
0xbae0f07de520ebdf520c35364de4c15ebe72d662,web3post.eth
0x75662da152c7ca9551ca0427fa05c312fa1ba33d,
0x94fdd4001c16e01b40d57f204bf2cdeedadda5e3,
0xba4750166b48798e66f2489ec4c6d80beecf5010,
0x67b8f2d4529b14e4abed661f918253285ddd69ab,
0xe47336a013dbf163abbded39d7dfe4d76ab41f22,
0xea5e7d34e5a4b6cba85f654b8088431fd5167ae4,
0x9496418d92a3e65253e830cc62a2d7dc8a58daba,
0x0dd57427345448a3afdcd5b8d10a270e3bb3dd00,
0x140d3f60ac840571a3e08e218b823094d4715564,cryptokoh.eth
0xbfb0d8b06ec79d5f2059209221b15644956e8261,
0xd8d76dd520d1e315aa646c460db0efa1081a1d3d,looksfun.eth
0x80c8086b2d3f32662724aac33c767234ea1b1d02,
0xa8cadc2268b01395f8573682fb9dd00bd582e8a0,0xrowdy.eth
0x0fa23c532b040f8e93af72d91fb03ad78eb367ed,patrickmackay.eth
0xb7357d333b961c1a64e6d76b23ad7e5ac9afea27,
0x6d6cefd515327b47c88a61fce018bb73a2cda7d5,
0x470558c8253d43eef7f6af876e861df69d83c4f5,
0x6a71cd28101e42bc062029c39c3251c51ee62b9f,
0x4e75b18122f845e22a731ae5777b28161c4e80f8,
0x6ef8778c2e91127168fec090a524d84944e11f91,
0x0a8e7dbd763a19122ec7ba002b75636f2ce00590,
0xfd1fc655f8b1b3a7d18fbbfea7d423578d2f9a45,
0xaed876b40c9309c3bd10c9a9351f67f28463fb25,gregdhill.eth
0x0308d89973985b2249be80922a9fbe558d17b509,
0x96217586be1151dd01c998568e142d393d7d4ac8,
0xb23459d001965ce4e221b8e619c3ef3a8cbd8779,0xboxer.eth
0xed21d2b9d0fc35d5469d39d7610d5e6cc0b9c686,
0x393fbd5d29656394f49ee4f897cc38c2bb7eab6c,
0x27a48f5bffa335bb8c2761c3afb5b5e76ef97263,
0x8d176e070d1efa11cf0f00b2d271bc12a3ef783e,timmys.eth
0x3c1e3d527103694885f5defe21bf8f871cbc8133,hot.alpinedev.eth
0x6bf26122d59525ae47311daf6b698444d0f346a5,
0x23f43fd9608650eaf26138e6a516ae6189890019,
0x63328867d93eae79332ba52529a90d847eacc204,
0x2cbc7aebfaf07f6ba1e2b40032228d0b0b919f8f,
0x78f41f3e6cec3c441d0e79c78c1bc16b6bf8fdfe,
0x8d69b2e1722f19e2e60876402dcbef59c811e528,
0xf27a8994d544c0a478718b0f339f1a0fdcb0c014,
0x4dacac9590c554b62665b4f22704d7e62b3031b8,
0xd46d17acaf0f9c9222350bf7cdf60cf972e55529,
0xcab60595dfa9bb553ca6e83f7a2cb7936bb5536a,
0x3176dd992793ae9c50b92fe09e1bb7cccdff8016,
0x38571102388444c9275ea9bdcfc5a5ffcbbea72f,hello-dayana.eth
0xd03d3052f03971143f2c3fa4ed2e1e8e1c70bc9a,0xberg.eth
0x41cdd842f4e0925305a43b58ce78b7d13008b609,
0xc97b7c5713eef131cbed64aeb4a276c69eb7f567,technolify.eth
0xa913af972093d221f212fec80968a3bd71da794b,
0x49543c1ce733f3b3a2d161151191184a4257299a,
0x5c4fe49bb8e5d98912ee504c880409e7f493799b,
0x1b9aceb609a62bae0c0a9682a9268138faff4f5f,serafettin.eth
0x182590b8052072b9954b066ba5794e8eb5c67112,serens.eth
0xebfe9e6967cba2aac498a402621d22a32d965b10,evaducati.eth
0x64a71c4bb53b5679bd5962a5178c8cb5977686e5,
0x7efcefed4cb36f9d271da3e83dd7571fdb69dbe0,cryptrillionaire.eth
0x232d0e50e340fc7b5afeeed149ea98b490744c33,modernalkemist.eth
0xef9533913ebc98b2ac843617069dc2238757c17c,
0xe79073735ff131f7c787d72a69e154d94f1e5487,
0x37e058c9f9e90843d7beb64e842c621c49476b06,
0x45eeb076a53661489bc5656f87ee56ef7e8c2ad6,
0xdaee538e447a9f37e00000c90f6545c31b3d1c96,
0xe8c1b1d5fcba5b82b0baf43fbd4a3fc8a76fa9f8,
0x87b11cb8bf0052f1c9f6780d56102e4a1779db41,highonhopium.eth
0xb03e3ea21757b980bc161286912fd009e79a04d6,
0xdc024255d2f8c4698181cc26a0902a1cf165df82,
0x7fa6560a2d8b6ed895eb13b04077ee9049311905,
0xdb16183970248043ce555689150253d89c14401c,
0xe4b420f15d6d878dcd0df7120ac0fc1509ee9cab,bybus.eth
0x2f51e78ff8aec6a941c4ceeeb26b4a1f03737c50,georgeh.eth
0xf7253a0e87e39d2cd6365919d4a3d56d431d0041,zeugh.eth
0x4611f6d137d1baf545378dd02c1b16eb63cbe755,
0x48a356748a488a2ad1369d848032706ba9a3e579,sagestorm.eth
0xde2be7c9c542c55a7a77489a3a7745493988947f,mattyg.eth
0x9a07376993da799057250b14d0635544d1393241,minsun.eth
0x2d4ac9c27fffcd87d7fa2619f537c7eb0db96fb7,decentralizedceo.eth
0xf81dafe5fcd564c07b7db36c3f0fdbf5bad4bea7,
0xdac92c7acec40dce1b3af889355a4b38f1963bd4,dthinks.eth
0x167b799026473d79c2c75309b94a5648794e2a40,
0x3a01dca93dbce24001d73dfb18d07c73c162cbf1,
0x6388a7c8a3bbe615d45b44418c7e27dc37fd0d2c,
0xa67ff07420ca8be9c7a73b9fc126de53542e9ffd,
0xb380e312c474d48684545b74af0963446ec0bd76,
0x1fdb7792a1366503d23ea3bd5238b9597ad3f4b3,
0x30e8d93346818000f0fea066338144ad16529481,
0x0c687a27410e8a655bf31befc4c88237a60b1d3d,badmonky.eth
0x3fedaade58007ce1167d9500a57a5fb01706aaf9,burque.eth
0x23bbd7810e30a19a069e01db4ca363c901206a6e,
0x27adb672221cd356d8153d8bbc0e146cc88d34d1,
0xc300cb280762d3777b49bd8b2dcbf8d2448cb19f,
0xa69c0339ef7e34406c5bad7f2dbd672a68b9338a,
0x86e8f59fc7c04614b54ac12483550a7c0a556406,nboost.eth
0x54e170418ec3e7e8ae6f8dfd530de12b2fb85884,
0xc7eac9e6e03603c1aacb7c6da5cdeaeac18594b3,
0xaacb5245bc1a36df875f76f6cb13369e60f60885,kdon.eth
0x489478ea4117093d21701a0135bda3859c556072,
0x0d4dbcc55aac6d156b3795cdfc373a770eb2de41,
0xd511af7e71a290aaef9e9d4bc1e168e2293fa2c4,onlysans.eth
0x77c95e597ba735ec88ad818a6b54e7e71513079c,
0x4720e10854af2913bd72b20d92bc096799f994e5,
0xa7a8adacefcfba9a2ebd9d0b62ade7da839b0dad,
0xc0ffba72b199ec42c039b988accf225fba6b3c52,evanonearth.eth
0x5e3f6dfc15bf702562d783025026f7c37573529d,
0xa5cc0b18c596ec8749d02cd68f99b59034934954,pcasal.eth
0xee411ba41e6568a24abb42f0be551fbcb9ea36d5,
0xc0fa6a25a1addd60c344a544681f89376c7a4984,0xrosti.eth
0x7013992b60db526befd0178fcae3d01399a6f3bd,0xpranav.eth
0x0b64c1769cc9fe9064d2507c1b13125fd664026f,
0x1353e680fd356cbae5af71b5b5c3a69d130f4ea2,chrisww.eth
0x3a45d3c998476af7191588332b8a49a8ad8cfbe6,
0x3e2e1142f4751ca1863b541fa122261182e2325c,sabotagebeats.eth
0xbe64e5a432b6595621cd3c17314e5d613cba470f,leotech.eth
0x19af5e0a45c55c0f2edb5f48abbed82360de7dd7,chelseaaa.eth
0xc81082690edc8cde6d83a7549aa6a74534305372,atticknight.eth
0x39ae0ef227cb9110154cb78f0c9bf167e2ba88eb,
0x9080196182f77b89bb5b0eee3ddb48cfa716c4c3,arunphilips.eth
0xb492873d940dac02b5021dff82282d8374509582,bejzik.eth
0x4868187db9f80215ace09410fea8ebc6a32745b2,
0xf911270699044d48a431fab806fc14ee3ad8636d,
0xab5e2641ada77cae5d78897ce511c6400385e0b2,
0xa14a062e93c3faa78d1406a46fabbc6aadb11c14,
0xb343880dc01517dcfcbb528864d567e3389753e1,ottox.eth
0x9d0cfb6f23e51748c46f252e5a2fe5e36d54a178,awayio.eth
0x1b976e2dd5f32a4a97e2d26e400e49600d352cf1,remsee.eth
0xd8d40534e45b2a3924d85275c6d335ecc3016328,
0x46a6359122ee67225acf001dcff72efd7817265a,
0x4de13b036e84aa4e9466f2463a57fdb6358a447f,
0xc0deaf6bd3f0c6574a6a625ef2f22f62a5150eab,daws.eth
0x93f7beafa6a0cd73b387f027c9c14f47dc192822,savagepreebz.eth
0x2c39cec7538feb68150151af0635853a77d57228,
0x304549d8c2e96e2764959978abc9e1100061bc26,
0x3ca29baf0dbadd21970b4a53a2a89b81a976a193,
0x2edf2717ab68e7eaf3735e705668d8e56c91db57,
0x8d794e00fb0b6862d8ee7b12be93056b35024447,
0x0bb66a2eaa871e022d22693cce92b98023427e4b,
0x3a644457e629ef4e117cb3262599f391fac89541,
0xee4290b201cfc83fb8beff0a51c9cc43ce7d88eb,
0xbb73ac55844b3decc557585bcbcd7bd9c320ecb8,
0xd74554760adc11bb290e28ba7fc07c33923693ef,
0xfe62ecf288d165956b7cb04a1a9f0300557a5e89,
0x38f4152654aabfa65f0de2296327927fbba8a381,
0x99f4f03f53dc5cb4a1bb01ebbe29a5a4104c1ead,jasonoutland.eth
0xe4bebf7e416c23387e32f1948e13786726cdac50,
0x41cf6c51c5bb3c3639e525f8a8461173bd6d4138,
0xbe834c6e6e6c978b34ae91b1ffc93b8e107bff17,
0xdf99a5839261cf03f7ee213afdc93432d80de775,
0x34e56783c97e0baf0ea52b73ac32d7f5ac815a4c,
0x5b427ab99c11865a6d2e1586e9941ed2f713fa68,
0x2a87c1345024ab463acc26417124c433b3069fdd,wonfiddy.eth
0x3a2f6a462fd2e7c19ff272348bee4a13f3e7c388,westcoastcrypto.eth
0x0901549bc297bcff4221d0ecfc0f718932205e33,harryc.eth
0x83904ff7b43cffd3dfff58de032cb17ad96a1327,berkozer.eth
0x1e1bf268144f86cf063791144845c673ea8e5ca6,
0x7d3cb8db0082cbaef5e59df54a3e6127a9a6b2b3,
0x44939077a803546d5763538e1c9319d98c6e846e,
0x14f3e34abf73d4408bd439df96ccedd047c1b3a3,
0x829e98b94802eb550d72e7c0074ea5be0eec2f3f,kryptoshrimp.eth
0xbaefe7e1600f08e90271ddff1b0f3d069a54e25b,
0xaf740c4045c1584699947ddb396e4147392a11b5,futuretrees.eth
0xcaa505e63d8cdef8e34ab585ab49e929dfc766b5,romeives.eth
0xd3bce6934f7433946a416a0344e64a835d957d73,
0x315a46be3a533c162012cf05fd12470d83b968bd,joshuaforster.eth
0x4c9598dfacc61d5e26541ac27cc1cb0bc793c9cb,mrsyonks.eth
0xc078823b26cec3b8859311e7e5d952548645e13a,aar0n.eth
0xe1b1aec67295e36803be239e55e0e3b67af4ffb4,yonks.eth
0xa05b26f366035f4a797c12cbc23b87633f353337,beemeeupnow.eth
0x6e9c00f2001a99fbb91509d8b1787cc899ae927b,
0x2a188fa6d9ed74641ec16388a02097ddac4da092,
0x306b2d42e0756aa67f9d1731201f80d2ceb83b95,
0x2564a0235fe183dbd3c3843bfae52fc99e338481,
0x5a6b842891032d702517a4e52ec38ee561063539,
0xfcaeedcc9dfeb56af067f3d4e79cab8abdd31cf7,doinker.eth
0xad97beaf4f8f20bd5e5fb2e07ab1afa94b5895e4,
0x696bc9df37be518aadfeefed5cf242a716a3b8ce,
0xf09e41562b8c306e72415d8edb66af1a85fb3909,
0x9e1e2bc60e0fdc756704d18346d511bba7543e9a,mrmemes.eth
0x592d6f0dc6f7e4649b76c8543cb11d55b470c43c,mrsmemes.eth
0x7020d15dd9ac18dc0701f14ae32ad100efbb8fd6,andreolf.eth
0x57dd818b9ff9da7360391683236b386bacecf21e,abusyhippie.eth
0x4416bd4dbf62ddee222d468aa954406e0d68ef29,acc.eth
0x85e1fa2abb6528ec67348ef0ee60314622f8280f,
0x133925d9f18707a52bf3482eda4489992fe508c8,
0x95fe4222f4e5999d51f61a99fbe392d1887d3535,
0x0fc394f575c4729e60a268040006cf5ff0474881,
0x09127c753627a84c64e374186c50810a2bf32857,
0x7c61c8364accc96fc7ad3831655618df76d459be,
0x59a81df85abccf00e4755fbeab5daab7297bc857,
0x18368396d9bf891fa6e94693e35143f6389ed572,fetzer.eth
0xd33dfbfb0d0961284656e0225cffb561090762d3,
0x81a832bc8e6f2c6b2c91a2d334557d8017bb8628,
0xa867f9e3971def1b9b7330b2ee166ab1856589ea,
0x827c952a572cb99ef4af7b9ec837c7438da174e9,
0xcb76129e0ed325e1e5c17f3f363bc2e93a227ecf,
0xaf1577f6a113da0bc671a59d247528811501cf94,
0x7899fe7bad43db743056c8d91faafaa2481e7ece,
0x19999798acbe760070f2b1447195b35b9f5068e1,
0xa87922d0074bcd82ac82816633cce68472548955,shemnon.eth
0x122bd0fcb91b9ac737f65a76498d214104cf84e5,
0x201a9a2c6d00c3df14dc33de877def5e8a5692ab,
0x92abbdc63374711db3ebef48f5fb7fcbc8790cb5,zhaotaobo.eth
0xe19ba240f7d2ac41b62eb635c7f1770c0a849f87,
0xa09beaed28677a2e21657f58e3c21c9b25dfaac5,
0x8206bc387d672267e3e3e64253d93b0ed7b27fad,tristanb.eth
0xa976a1f4ee6dc8011e777133c6719087c10b6259,useeffect.eth
0x2f020dbd3e3786c1ee3e07f2b762bb20ebc2087f,krisoshea.eth
0x1ce139b73dbc1d855e4b360856ac3885558fc5f8,
0x8e924be221cb41cbf9f6e16fa47ed8c9364e39d0,
0xf95522f1ce87fcce81795eca82115f1012536fb3,spinalcracka.eth
0xc332a5f3c967bfc7a387a5dea74b2e9fae21a8b7,
0x57721075d939b188364880c247410e1065baf511,xach.eth
0x5c57abd3548b87ef9babea37ed3abd51fad523a3,slfsvrgn.eth
0xfebf9abb1bb8b5968a829cc64029274848737151,
0x50fdf20ba21ca080969dec4eb0a5681112a7a8c9,
0xcec47717caf88695ccb2896500460e211002d367,
0x0078c86e12186e2de1ff6fef5f1ada2bffde4ea5,vincentlg.eth
0x562c9854a9594bb4977ad06730e6c795008bfebb,yashbm.eth
0x78f32a27559170f9a005b319ed53441b9e852158,vetrichelvan.eth
0x9cf05154c9aa32ce3a5cf093b176c61cfc0a79d8,
0xa3f19470d3fc0c0f69bd82876bd573b592ca9597,dipeshsukhani.eth
0x325c9404bffd4258e83b4c739dcbf023c621f5c3,
0x73329c2737007a1b43ba19d501b10afe5580f3fa,
0x719c8d75faf8f1b117ea56205414892caab4a1b7,
0x0425d79f99e5d96d89e36ea44087b8b4cd7a2539,
0x9539f87b5a19753a002e01ae573a7a6d33561233,
0x1645388b2a177812245862d5beaea167287daf97,
0x14e4ef4063f4b64ebd7341e17a6fd850ffa5a49f,
0x7cdf4f57da50a3bcc2f8b4a6b2e21fa776a6c020,
0xef12c87a5e950f87ab20118209a9c01465df81ae,
0x1c06f79134afeceb8fc5bd8c774cae7502ba86cb,
0x131638b5577ab6296971a9f1b252e6fc5ddf12c3,
0xdc7b38510be436c3408695329241a52aedac0fcd,
0xe8b38f2544ba384ee182d1e35ec6bee700b1e3c2,
0xb4558718acd35b2f2bc21ad1a96fbe0e392d18ae,theyavuzarslan.eth
0xc3633a552065a80b0123717d2e75ddb7d7cbda16,
0x5bfea405db4373a98db07df35f4e8dbdb434405c,
0x0f45c1d3275abbd94dfd79dde8e29990ab539c81,
0xb8cb61ca9512084a8203dfda792962a90fbf41a6,lewsales.eth
0xd2262b25e2aa15921a1547e38241ddc344e91a25,
0x8306d6f8cf4faba7c6677b64f5300ee1aafe831f,
0x8e1243ba74513e34b87817178a31381e7ee6a3dc,
0xd1fcd10a6583f31329a4a89ca50702b8e732639f,
0x9703d9cf2f834e71d9b70675e746f7b634c9d1e9,ariutokintumi.eth
0xcbc4ef29470329fa84a00a077e13823120dd4aaf,
0x8f51dc0791cddddce08052fff939eb7cf0c17856,juancamp1987.eth
0x13c861eecc23a1e3ea5dc469fc4fff156cba3a9b,specere.eth
0xb80dd8ff9d7c1c81cfa55f0f984b4a9f543a51c6,knusperhaus.eth
0x5bb7dd87a72790398cc0a689200984bf1954bf00,
0x83bf050b16b6ad9d0aa565711bfa7c9dd598a22c,
0xcf41352819847e38c68063da45101264d6cd69f7,
0x26eb38fc40ae0ed623da23e91c4da7402a4051a3,
0xb684d9333b67054e534e64f2efa466fb9e1c392b,
0x9bb5fc1c56eaabc4bfa0a37398d397a956354afb,landonog.eth
0xc2564e41b7f5cb66d2d99466450cfebce9e8228f,juliomcruz.eth
0x224dfb76b12cc78fb6b4b2eef9a60db8a68a2041,
0x8b9abedf333434fd2b743580ea3c80897431601b,
0x13c59ff3ced691ba24113a8882ec3bd5f21d6204,
0x3e7833c62601788cd714cf66ea29719b68a0b777,cccompanions.eth
0x140cdc187325764813a3ebc3eb91d3633fb05408,
0x612723fc0fb734d1c2e9f69186cfde6cae01d474,
0xae9dc6238d092389cd08dc8f81248b62e4cb418a,
0x77baa5c166b98b314d98f71f2fab7f418d979546,
0xf769875af0b11ee0873b10e19b81c0dd553ebe05,
0xc03b9483b53c5b000fa073d3c4549e0aee6e2e8e,
0x07709a9e3b157fa33f51ad627fa6931c87f9f575,bcbread.eth
0xbb1936e46042baf32a0c3521da4af5b44f9cc254,
0x9fa0aeac7a631ae846ec60993c5beefb643f5a56,
0x42c9fcf79eb78662299140601fdf44048e6583c2,
0xaece455558a07164d71c6d94f77d3ce991717763,
0x0469febcb23e788e9611d7bfb6ee71ac04ef6dfa,
0x7aced20f930d6158276afafecd589963ddf52790,
0x3f141c2e3e092c357db6247dd86a208c492a9ad6,
0xfbcafb005695afa660836bac42567cf6917911ac,
0x3cd3090354cf2b4599b0294f2e5b04756ae366e3,ernestor.eth
0x9919ec3ef3782382fe1487c4a36b72f02e03189b,chainrule.eth
0x13363e3a0bd24887a037f7d29b20b2e7c285ef5d,
0x3d5480aea202f0a4dbfbeecffa0bfaf2838ae16e,
0xa42688ad8eb13e9875966a6a14bd2c5be664a15b,
0x2195beaed7b0783f2c13c75fc439396583c1a37d,foamspace.eth
0x6fe74660d9ccad62f5ce15657e95453f1c54b6fb,maxgrok.eth
0x85f6cabc33d8033429edcd3d3967d2164d699def,
0x7d609302838f25f9d1b776db526a6bf8e3961546,
0x4e707ad5d6ff30bef9bf5a5b8b2cf5d8d4b7f5ee,
0x84c2ec52e4df895fc52c6a1cd7e7afa6b5c6489b,syed.eth
0xc717e9ff3a5ea242b487758e9ae7d7a6a382a261,
0x8d21aef62be00b2970ef0444a0a97778f3b76c02,
0xc301877d504f37451ec0acee6c00db5b53acfa80,
0x28aa4f9ffe21365473b64c161b566c3cdead0108,fbomb-mclb-maxi.eth
0xc6fd734790e83820e311211b6d9a682bca4ac97b,abundancedao.eth
0xdca6f7cb3cf361c8df8fde119370f1b21b2fff63,0xabundance.eth
0xa89235ecf61354ecd66b674fff22c7d59d394745,
0x9eec520cd6efd071c99d93595d33bfac7de1a968,
0xf701f92891c27656bb725fa16e634566813511e8,chainmonky.eth
0xbd6f210a624a792e7d30a2f7591dc7abce2f3c48,jonk.eth
0x123e9ac9c56e4bef25d960d1dbbff28db6e91229,
0x36f181e08e7a3b8614d4c3b11252dd13bf6a75cc,
0x705747b0fb7b4ac5a9568532a251fbbc4645e47e,ellieli.eth
0xaf9768edb73ab0a1b005cc082fe2cba653225478,
0x7e799c969ea204a8b5f4d938407d9dc64dcc09e5,
0xc9c9effd6925f4db1df5e481c80e3cb56a834127,
0x61b0c91f65c2f0883d3e196b3b84272e0b2794f3,
0x46e2d5e1a0509300bc71709eae3eff43fb295510,
0x498f9d4f6702570ee8ae91d80b710e38eac71c34,ghettometaverse.eth
0xabf53e925ee543081c8c70d3a047e8ea391e2ecb,
0x20f33658542fe8536e83f2871074437513173719,
0xa06b7fbe4e2cefd721af7687b78c14aa130d943e,
0x8d7bc12ff94536f2de5cfd70c2ae8904661b46b9,
0x55379c1affceb59712a27e42ba225b058b5ed60a,
0x7db8ebf18d22b7ae061218061ad292ed1ad3b7c6,
0xfd72c716278894e9bc1fda2d41f93c20a6cf91ec,stephguerrero.eth
0x197de9db6ee79bd96ea2cda048ff10748050118e,
0xf5859a2f9e22e67c1e4fb1d2e538a586b1dfe454,
0x45d46f51c468f81600aa3cbcb9c7608cbf46044f,
0x94104676f0d552685be6225a45181f4fccd989d0,
0x37055dd118564b5e10b0450dd6f20de151c86e45,
0x8fe704fbffd48873d6cb7f6118b3c2e17deb613d,
0xb43f331ac0562ea68051e6da427a916d19a56d32,
0x50b11554c484e613452a2192fb8c1bb3a6e19703,ethorist.eth
0x8487baf277e7129cf6d034e0a4f186b7438d224c,nan0x.eth
0x70231617209743075e2369e8679239556813cda8,
0x65dac8b5d5d31b1150d8a5a5a14ed0e3a6827da8,akshaygupta.eth
0xb1d1de7bf93192737c5bf1ed6bb4cfbbdbe4b17a,nikkinikolenko.eth
0x28ff6c3b3427eb2e0e1ed25e512f3201074ea426,
0xbe23bef0f4d054051cad9c8ae8adfbc9731b3ad4,kourin.eth
0xbda6878a527d58021a5780277dd3752921166220,opcastil.eth
0x2a8a95437201aa5fc11e314a22a0c32d70e6a8e4,
0xcb252d0266080c34f4d196aa3393ea9937909f19,
0xcd1ef67405dc7b2516298dcfc9de8a325d29635c,
0x3435da0bed4b443cd2b6ee8bfc57a155e1ea82fa,
0xf068b5ebabf25f5ff69d21c8536b5a5a19c53a10,nicoszerman.eth
0x465d8f5db6abfdae82fe95af82cbec538ec5337b,ape-rture.eth
0xb2efc7b59f868cd369e9e9377173eb0e35825df9,rockyknight.eth
0x098491cfcddcf76f4e56a22ea5ee588a00651905,
0x41cb654d1f47913acab158a8199191d160dabe4a,
0x3230d026ba7c3df818e7e09e42613449afba74b8,
0x0d35b6f8f181becbc46d6e734b8e44c99c82a120,
0x667ce4c3f72b15a6b504c25046de5b7f84bd6c6f,
0xec6153152097e24cd0f9d89e98b1c7b8e7e405b2,
0x8915da99b69e84de6c97928d378d9887482c671c,
0x685e8b4ca0a4fcd586679a1451d68cd1a2e77dbf,
0x4fef654560d6ad788f4b35a5cd02ed185c12fbbf,jamsham.eth
0x7e18a3b0bb2babb4b6a86b9d38644e47eb792e70,
0x35489cdcc57b7ecb0333f504b2fe60828309a97e,
0x4df8efad6f59ad5c24f8847a8a50ac13b480dab5,
0x4729c5565a730acc230a9098fb8e814461a804ad,
0xedc1a397589a0236c4810883b7d559288a5fe7e1,fattybuthappy.eth
0x96c774bdf1c753574fe3fcec35dfdad507d47865,
0xd73c91e018d6e617dad7701640fe733943013f81,
0x9b559d0808690df5541cf30afd357c0c5c420a92,pe4en.eth
0xc590906f2c7f2956fc58c66d84991826b5db6c96,mikexd.eth
0x183f78339ea1717d9aad2359297f6571a14c7af4,
0xd04ffbb33f89d60c08ba9a6918292fda4d2c122d,
0x9443aead3338462c357a1f7abdedf75e70fb1b65,
0x9c41c6e50329082c239e64be38e1359c1a07f989,defifry.eth
0xdd9118ef8e9c738b3a70a90474c79beabda5004c,
0x75d209e120a5895db7c5cb4a2d3f8e65aae68cbb,
0x9b749e19580934d14d955f993cb159d9747478da,
0x361c6ac4a721c3505de64f569d9c5aff6de02c0e,
0xff65689a4aeb6eadd18cad2de0022f8aa18b67de,
0x59992e3626d6d5471d676f2de5a6e6dcf0e06de7,dadlessnsad.eth
0x968a0e5603c5d4dbf24cbd7df562921d158ad19c,rayneman.eth
0x744ab8091c56c012814d4d9b92a94b1f0b999a88,
0x819ba863fcbd12e23e6561849796cb79cb32164e,
0x8a8f21a39a65ced59bf21656069d51fcbe1d6fd8,chunhui.eth
0x9f1c5712f5bbef2833ea694db5e326bc3645face,boredarmy.eth
0xad47237c79f64522a927ff897a1ef9c3d2445fef,
0xbec6936f5f6304394fdfeb4ab56186400fb3351d,
0xd68b0f192de0c4852806102ab571f131a26b3101,brunocartesi.eth
0xd27a20a18496ae3200358e569b107d62a1e3f463,tuler.eth
0x2c25512b4891b3586850e34e5e0a3fc951c54c3e,
0x77e2e22055b915ba0244933e8459ba73f0571883,fabit.eth
0x6d28ec87c9ef089adbf6e9c948a582a032937786,
0xfbe2904c6a24c5de681bc87e6e2dcf5461eab45b,
0xfaad3f4675f07936ff376cdfb90433d1d3ce1d0a,
0xad5d9b9e062555ef621fbed3c8bd86e618f2f0d3,001338.eth
0x3be057bbaf734770c8a4ca81e2abbdc29deb39f0,joe-mcgee.radicle.eth
0xc26ab5c747afab250fd5a66232a3479d4effd4c5,
0xe032e76c3dc6305cc95936e46291100ceb237083,
0x5bfc34dd3251eaefc2e504ec16853b2b846ed14b,
0xdfd60a8e1e17fbb78e8ca332906a822d862f3d57,joshuab.eth
0xd3b8f1650d3a565108d2c7ad9672a019d6cd436e,
0xc20ba75f6f82b6dd8e63f307c307fb8a6c69af28,
0x5a490fca80b4d2915df3f25acac6dee127823a82,
0xf5ab0b529248bc55d6617d3416712f00013cc624,
0xa081e1da16133bb4ebc7aab1a9b0588a48d15138,jampol.eth
0x162709e046b69f0969b59df490dc99ea370792fc,
0xb58f14d05afee311821b657dda45cc5e0ac6d28c,0xkritarth.eth
0x3a3ffaa0d69db64b5407079d9607d1261133c9bd,
0x4f26c09d3900c39ae8506bdb3359cc3e4a527806,fedev.eth
0x79e2514aac65d0359849b093c089756fc101b3be,
0x6e4a90551b3ce8ddd0c5b81ecb8c3789e98c3130,
0xe3cd6ece73b3c152b738217644497ab4a63a1a39,diegoa.eth
0x434d36f32abed3f7937fe0be88dc1b0eb9381244,axxcar.eth
0x7a951105bf59b2f167ab73d8d3d127e238cfc268,
0x52b13b2f6804d659aa7a55e8d06410dfa9b805b8,easonw.eth
0xc8b133c2de23e47d412efb30e3068f8da4e25688,
0x8b7c37671f37db95e9d84714f7a4464d552aa0ea,fractilians.eth
0xe4708ee35efa7dc7bd369bac2581b7415376b2df,coke0x.eth
0x609f3221cceee279941066f19bf250189d8cbf87,dwightc.eth
0x5f88129df411429e5dc15b8fa5ce5cac87eeaecb,montalvo.eth
0x6f5153af03734f49defd17615846c87e0bcfca19,
0xf1b42cc7c1609445620de4352cd7e58353c3fa74,not.jimjim.eth
0xaeaa92d20069562293e1c55e1a3d16c9898f8c18,finnvault.eth
0x40c86feea75b54c137d432526eebdcd134a35d83,
0x4059f3c0064cd380276de8dbab6935005535eed6,mroscar.eth
0x75cc9483faf4780866ff070803d247895bdf74e6,billú.eth
0x092cff73c77a9de794d25b0088ded0e430733dbb,punk5657.eth
0x36e6fde4b16787f774f453024e94ce790b0c63ae,
0x2bbaed5f73a755dfb237af51ca158fa21d038de4,
0xd1b6d467b9750f6cdc589c9b86378097f59aea6c,marcbal.eth
0x190d10be7962a54de0041b26fae0e7fe073a875c,
0x3aa390f425d79e3edfa5e491fdd6f11864f19998,promit.eth
0x9c87a1065994f156f0b7b87aaa8b3c5f7bd67e02,swampee.eth
0xb96ef9ad80bac8d117e2744e5b9b1c6357471c70,
0x02d57ab3eecd0fca44185e4ea6de5490e096e5a1,chaoticbeauty.eth
0xed691fdf50a995a62bc76822ddee529f9be2ebfa,
0x794a78ae947da4908989347cb4468f2c95240a69,aumerez.eth
0xa73bd9720146ade8f647926af37582304db9040b,
0x5d5d1c3179addf4a598818421047ffa622052ef6,gabbyvorbeck.eth
0x3115c00072a9f12b8e264dd1d9739c09d5ec3d67,
0xb113955919842af1a5dc4dfd611ed99f2a667b30,
0x4a81d1c02155974930aa5d695b9489198531acb2,
0x46686e5420b34d5950d37855291d970fba5527b6,varsityshark.eth
0x71946e5dcdf00cf03b4646b8fe4ac12399b9a4f5,
0x4906b36edcad5b6f7d6b4a0872cf183e0f72fc61,brokenreality.eth
0xaa40da01fcca3e5212dd4078fdb9a53637bc182e,
0x4f3c2363d7dc0b55ba5fb8f79ba2378d189ddf79,zkasv.eth
0xaa8b3c45df1fd53b854e6a943e8ae9eb55a2f558,
0xc79cc95f9f081ba5f699cce85a45b3cba3df571a,
0x077b78b2793c956080888c4a496ea81eca11827f,davidthegardens.eth
0xce292cb616ae5fcab4ea6fcbc7354a748dc00b30,
0x6b082d0c7ed76b3f03f582c4694a04c717899a6c,
0x1cef0e6072810013487f7632350f9336ad6cadad,rhbdl.eth
0x1a083628b6acfec6f80d623cc71f48e7045c2a2d,kennycalzone.eth
0xc6eec94269413bd1dd77b639b3bab2e811e5a027,
0x057f3a4374f03980500b85631dc11a89c845aeae,
0x3c7893cf2f64cbc7fd655f72d123b0596f1332c3,
0x502fce03af4bfd3dc991a6f7d0523cb920e1dbc8,libc.eth
0xda677c8877e49dfc31dc7e92fa7615f4fb4047d7,
0x11111195ead26a463124343f84ffb874520d373b,orelien.eth
0xc15073a2f754caefecde4c6e58e5a3100dff9a43,
0x6212ee7822265ce44b56c943bfd4bccc03aec42a,smithkenn.eth
0xaac3a5364006924586ed978f9084eb63bd73dae8,
0x1cc6335f6dd86733fa316f6569690e338f43b527,16600.eth
0xdedb452d8193f204ae1c36552383e3f1c1779436,fannieb.eth
0xaaaaaaaa42cc51ead474eceade4560ab383367f0,
0x63236c8771a408186ddc16f4679ce130f411526c,
0x468755cce6ed3d9c8e8473fe80ab1f1d3382d96e,piyushmaheshwari.eth
0x86596691c02a95bfe8a66e50fe808523a560250e,0xmentalist.eth
0x136260d1b70b28d94bf808a8a6fd98193f86b443,
0x85a363699c6864248a6ffca66e4a1a5ccf9f5567,dearmoon.eth
0x158d6919f02657c2d19041693cb58daaa201f367,albionaitoh.eth
0x1fc8e359e0e81980556f88b2f50b470d3d79ea92,
0x591d70115b76fc67001d268d09fdcc661f188ff6,
0xadc8b5a28b75e9c0c1e94502f7df9612df182896,seein.eth
0x9150c94de175c6fa4d766a4e951e9c7ed204ad1a,finessevanes.eth
0xaa29624c8fc68ff76240cf0a73d1191bb91483ea,
0xca72cc4f36e494ba62fcf432b31f41897c9fff00,karen84.eth
0x95e3469e6adb95798f294f45896cbcb8c17486df,sohobiit.eth
0x420fe3650059a081482ec0aaeb0d58f93f81afb1,
0x52e1dff68b634651ee15c76ac4d44d2a3fc1d671,
0x3794b9e2c3fc57ae766d91cc32c717b14914e99d,
0xbbe844467051fe04cce050efb42cf824431d1e52,
0xeeadc5701b5fd25fbcc7fbf04b048cdb1fff1c65,edd.eth
0x71ec93441786f0c4259acc57903dea7b9154b873,
0x38ed584cc10acad530491b8310175e495f43c496,plaird.eth
0xc835ae05691ca5357bf6b4d3fddae4c3339e0c83,
0x41e166cf35d1d9e32cca08c0b6f764503e43c677,cryptorizzy.eth
0xfa501e7380ff1c8ce9b31c58fc47828cf1126dbb,
0x37d3a0085d9047e993ffdd79f93bf9bf5f50eb91,
0xfe1e489f8906c2fa1323daff910b6d4471a3bdc4,
0x68156f008063d819b6bd851f5155489fb924cc92,
0x39d258fa8f583d209189baadaba7cc845dc78e93,
0x16d7034610db82fd30ffc9667f4b4f55e2b8541f,
0xf5c613b556abd4d2fe730776f88ba453b3638957,
0xa42498f6fccfd2fdb3dbebe4c396add0d9925a61,
0x366bf4c8a1517e2ea6cb5085679742ff92f14b54,
0x05f5d8851774ed9f4fbe531e79c2f600a0127e18,
0x297fcf799bb908eedc170d212e00aaf27452db0a,
0xe8c593c1368f322dc2c3dfa66f50bf396a429ad3,
0x9e58a4ded07f2a851df6cfa37d1d9c1c97c08185,
0xac8bfca110c04c654e19cc4c8bfeb06ad5db748f,
0x9099d24d55c105818b4e9ee117d87bc11063cf10,
0xad541da7f18a5151411ed8f83c4727a9f45ea3b2,
0x4a6f00fd13e2695a3f056510def18f17d03c9b0c,
0xddee8a2e06c5c099c629358fdf47ceda809e76da,
0x86aecfc1e3973108ce14b9b741a99d3466127170,tburd.eth
0x6d738d2390499aab417f6a3459485395ff663d8e,
0xed5c4a0331d066fcd3422e8b6f90e3c0291790fe,
0xcb934c380860a8fde3ef1e95e50c31bde763d090,
0xe36093669f8d05f555323e9f0aee6a2bc41097c1,peechcraft.eth
0x6642047359a0c7f18edbe99cad68c39d7882c7f5,
0x344789f9474ec2cbbf54d2c96b50b3d5d68b241e,
0x0d97725de6dec4416928f559593c77431b92f9c8,
0xc44d87a291f54a77adbae7a22becf4522b0c708e,ereignis.eth
0xeaa3a5df65b412ae80d7363d7fa5bfb2d0c3a52b,
0xa1db267f568d668c8b370133ca9241da94547027,
0x860a7f8c7d701198205dcb0e8afd9980928f3fc0,maurits-bos.eth
0x2deead549876c7297630f21681a1fa64e24caae4,charco.eth
0x4312bd27ec7c6e758c6900ac34116d4f53a7e259,
0x108c9fcd65e80c9999b34f85888861b4e20aa54d,tkeith.eth
0x1846a01de69da70bfb3d32cd14e8a2cd414b42af,
0x5aae22f14eca19fb5a19be0004276aa375f255a3,bobcatbts.eth
0xa387329e0d683479cc5b8516b0b7f9e43f4d0ca0,
0x6da710ca8bdb8552ce4f74649e263652182dcbd8,
0x060b9dabe80e32cb1351b0ff756a950b6a7d26e5,frostburn.eth
0x8896492a6a74b3572ac9e6ec4a708dd47489780f,
0xae154ffd710ff69ec30af05b36977fb5a0a4cd17,nathanengquist.eth
0xcb1f83206ffae1d4c93a0404a567560571539793,
0xab53369e91dcfc275744dc0a30bd3e363b2785e0,
0xc1bd4aa0a9ca600faf690ae4ab67f15805d8b3a1,
0x4cd082cdbf8a20f2bc5b4bb0dbb7ddf2d29f8ec4,
0x95342d08809b6c7384fa9635fd71fb42cabba210,
0xa051812253487ee89c3491ae74f57536b7046445,
0x67a1b08da8f893e15ea3263660fc0366e4244b16,
0x55b8219a934ce43614fc730cc8a5fd3a8a4b0937,
0xe83b804c22f31056a8cae4be2acacda46ed610b2,
0x7d4962861a7ea9208b5059bf7cc169b5c918e74b,
0xeec7e4b2287e98b6ca30242e2d2d2f283a78fc82,jamesmccomish.eth
0xc053d2877c03e7fb96d6d29ce2d557c886f700a6,buckdoyle.eth
0x699bfac97c962db31238b429ceaf6734c492d61c,phipsae.eth
0x7daaa39313f4e81be0147ab935c518f3411f74f8,
0xb37617c578e11e5b446b456a61c2c5ab89ac47d4,lorebacu.eth
0x24fb753562a74859f794c7584dac0cd9d44b2cf4,
0x3d73d11b01c99c29956218b7f9c01f14371ab7dc,
0x082f85351689358f5cc44f79a1b96fab928b50df,
0x23b79eb5a1ef86d3b1346a7809f4504c6f0bed39,
0x67a3c9cad614ba8b43b0cb1bc8abfe30a6749688,
0x33a8cdd353fb8842dcea6163fa76ed10e81edcf1,mpagani.eth
0x41f727fa294e50400ac27317832a9f78659476b9,matthu.eth
0x5bdc7f11c57bb4514536444f62613779df7d6216,salomonmorales.eth
0x613e498889f04e16275d703d5b64ed42ae185e61,mhyar.eth
0xa67b37112ab444dd6ebfdb69fd7426cf8092bcd5,
0x18c9e427f669a50fbcbb402d8177522e21654358,
0xd5a498bbc6d21e4e1cdbb8fec58e3ecd7124fb43,koloz.eth
0xfac041bcf2c4b43319c2c0a39aba53f4cbe44fe5,
0x94a382cb8d0034e25b811ed4c2e65432788914e2,
0xc18ce7576c2dd03ecf111ab6de0b2e58db424378,
0x40201a730a1bb6ac2b67b59f33687e0801b2bd9d,
0x0eadd332175165574bd9a87e1947c933603ef017,
0x7697a8501d85fa45748a45156e3c62e3a57a4580,
0x372812536baee44b14ffd1c79d101424e54b74f8,
0x23db246031fd6f4e81b0814e9c1dc0901a18da2d,abvavgjoe.eth
0x2a5e3d2c511eab32ebbba91ae7b0a95b7446da13,
0x94d9bdb6340e031afbce2ac5c66fb687d909e119,
0xd644ae6cd4f726f91cfdac21f2ade82acb9a2d6c,
0xc5a2ce3a6c74704e9cdf48b1cfe23f60b17007fa,
0x92f444fc0cda9d47521fb1d53672c4c2898e2328,
0x976dca1615502419b7003a1853e022b023d47cf4,
0xcfd7bd061bcfa3f02a8edb5bf110f8f7aa33ea7f,
0x825a524f40f91b75a863619fbc3351d4f7f889bb,
0x807a1752402d21400d555e1cd7f175566088b955,blindnabler.eth
0xbfc145a71a8680184dd234cc11c27f52f9f6f492,ajowens.eth
0x3338b2fe3ca0af54a2b868cf96b425e4eaec8a33,
0xbfdb87fb7e46a2a1bf7ea4bff1875834a09e5d72,
0xc50f3e8d031511ef0d53a94657472b4297ee90b0,kirtahlberg.eth
0xa5294d2adebbaf7da6e146e28d3083b6b30952cf,
0xec4f9e98708ef1cde2dacb22921e0f2975566b8e,emjlin.eth
0x448ab68ee54c445be041cedb5d48cc5405ee0ad1,
0x62457fc0f2dc93f68f37f7a4764472098aee1c2b,pixelize.eth
0xfc5de0440bd0fefc8acfa7fc85faa99145830501,
0xbd8ef9bb1813353780dc69a207880254e046658a,
0x6768050b4971f2fea3f22cdb68e6cd0055b216b0,tayken.eth
0xddbcf0cbf6a7663a6ffd2972b0a50a6219e5c5ab,mashpit.eth
0x11d81326480ccee08d08cf0048b1868d1f43a1b0,zetsuboii.eth
0x114b242d931b47d5cdcee7af065856f70ee278c4,alim.getclave.eth
0x4693da4769a8a99610829b537417c970249b73ad,tahos.eth
0x55aed0ce035883626e536254dda2f23a5b5d977f,0xulas.eth
0xaa6f663a14b8da1eb9cf021379f4ba6bf536268a,
0xfd44a6c0612a11c370f2609e7ec3299104ae7b24,
0x75e4a75bcfd52927986a4bd9aceed46a19d95e8e,
0xecb1f38b2ca4894f68d1cc691b46684f5731f6a9,
0x992ab820a2776ff79284b9844d338b5c5fc792e9,quizford.eth
0xacae57882528febb7ac2561188be8915b20c56e8,renanmav.eth
0xb1d693b77232d88a3c9467ed5619ffe79e80bccc,
0x17cda553c8e27a951ddd759f87e7c59022bae7cf,
0x7913f0418db4712f1c4694e1ca63d7e3c34d10cf,
0x0e7518b332f469a6a2f59e690f225cef5157cca9,indigoprophecy.eth
0x86dcbf9adaf2ba25971debbcaeb017497f16a6fe,
0x71912cbe10302b66f14f4d39f6329986798aaa6a,duelinggalois.eth
0xa53ffa1aa0617d20ad75ffb029dc40321be5d4cf,
0x98abbfc4b74b1ddc8ba42c52d897aee05d9b3153,
0x49d24586f8c6da7bedbbabd915184f5ea56ebad3,
0xbb79c61ca3d2e2f9f05922d802fcec385de2e8c3,kudibos.eth
0xf203d6c796b99d0f2f861d1b838074822dd64d7c,pkstevenz.eth
0xbb0f7c96e024f987b490031d22f6d40d0b4cc7ed,ketuljaypatel.eth
0x31da8f32bb76f0d2c1caa14b79087ca2fbe0277e,
0xb9b9c1c48917acba8c13ad9a94ed64815dd074c1,anthonymatteo.eth
0x28618fb6df46ddf6fa1c519cbe9ff4d9ea68d64d,mitdralla.eth
0x661ab0966344f98dd3fb2a931d58a32c72f972d8,
0x096f6a2b185d63d942750a2d961f7762401cba17,
0x3f4ba35bb43fa8cf3b0b18adf717f44648cf5a81,juancardenas.eth
0xcf9bfcf8c34930933328725c8958f36d709e9496,
0xceeac5154f6c28f2a823d623ed3e8b9a979ffb90,preetjdp.eth
0x7b20223768cfc900f6f10a6a6fddceaa6b93eaa8,
0x16066d8772b6c1e9a1ee25c16350e0446f1d04a9,
0x133dabbbe1b3bd24d79e521782f7a02395d3eee2,
0xef915493dbd43c7c514dad2096b65b4f951c7255,ianburnham.eth
0xdaec559b1caf96b60d0c59f36851eb17e12029cf,
0x0e64a321aeb2c8bfe408d9ee8812c4940286b45d,
0x438b452704f7537ba66e8c18e3bcf07d7a1d31bd,
0x7ae4a3281b93f4f3352f7722c24f7730c0fb182d,fonzgm.eth
0x92e1e1a50536a287d4acc4727f6929958b455a99,
